STATION,NAME,LATITUDE,LONGITUDE,ELEVATION,DATE,PRCP,PRCP_ATTRIBUTES,TMAX,TMAX_ATTRIBUTES,TMIN,TMIN_ATTRIBUTES
MOW00013020,"SIDI SLIMANE, MO",34.23333,-6.06667,55.2,1951-09-13,0.0,",,X",30.0,",,X",17.8,",,X"
MOW00013020,"SIDI SLIMANE, MO",34.23333,-6.06667,55.2,1951-09-14,0.0,",,X",31.7,",,X",16.1,",,X"
MOW00013020,"SIDI SLIMANE, MO",34.23333,-6.06667,55.2,1951-09-15,0.0,",,X",33.3,",,X",18.9,",,X"
MOW00013020,"SIDI SLIMANE, MO",34.23333,-6.06667,55.2,1951-09-16,0.0,",,X",38.3,",,X",16.7,",,X"
MOW00013020,"SIDI SLIMANE, MO",34.23333,-6.06667,55.2,1951-09-17,0.0,",,X",37.2,",,X",16.7,",,X"
MOW00013020,"SIDI SLIMANE, MO",34.23333,-6.06667,55.2,1951-09-18,0.0,",,X",35.6,",,X",16.1,",,X"
MOW00013020,"SIDI SLIMANE, MO",34.23333,-6.06667,55.2,1951-09-19,0.0,",,X",36.1,",,X",16.7,",,X"
MOW00013020,"SIDI SLIMANE, MO",34.23333,-6.06667,55.2,1951-09-20,0.0,",,X",36.1,",,X",18.3,",,X"
MOW00013020,"SIDI SLIMANE, MO",34.23333,-6.06667,55.2,1951-09-21,0.0,",,X",35.6,",,X",17.8,",,X"
MOW00013020,"SIDI SLIMANE, MO",34.23333,-6.06667,55.2,1951-09-22,0.0,"T,,X",36.7,",,X",21.7,",,X"
MOW00013020,"SIDI SLIMANE, MO",34.23333,-6.06667,55.2,1951-09-23,0.0,",,X",30.0,",,X",20.6,",,X"
MOW00013020,"SIDI SLIMANE, MO",34.23333,-6.06667,55.2,1951-09-24,0.0,",,X",32.8,",,X",16.7,",,X"
MOW00013020,"SIDI SLIMANE, MO",34.23333,-6.06667,55.2,1951-09-25,0.0,",,X",31.1,",,X",16.7,",,X"
MOW00013020,"SIDI SLIMANE, MO",34.23333,-6.06667,55.2,1951-09-26,0.0,",,X",30.0,",,X",13.3,",,X"
MOW00013020,"SIDI SLIMANE, MO",34.23333,-6.06667,55.2,1951-09-27,0.0,",,X",30.0,",,X",14.4,",,X"
MOW00013020,"SIDI SLIMANE, MO",34.23333,-6.06667,55.2,1951-09-28,0.0,",,X",28.3,",,X",15.0,",,X"
MOW00013020,"SIDI SLIMANE, MO",34.23333,-6.06667,55.2,1951-09-29,0.0,"T,,X",28.9,",,X",13.3,",,X"
MOW00013020,"SIDI SLIMANE, MO",34.23333,-6.06667,55.2,1951-09-30,0.0,",,X",28.9,",,X",16.7,",,X"
MOW00013017,"KENITRA PORT LYAUTEY, MO",34.3,-6.6,12.2,1949-12-11,0.0,"T,,X",14.4,",,X",7.8,",,X"
MOW00013017,"KENITRA PORT LYAUTEY, MO",34.3,-6.6,12.2,1949-12-12,0.5,",,X",12.2,",,X",5.0,",,X"
MOW00013017,"KENITRA PORT LYAUTEY, MO",34.3,-6.6,12.2,1949-12-13,13.2,",,X",12.8,",,X",7.2,",,X"
MOW00013017,"KENITRA PORT LYAUTEY, MO",34.3,-6.6,12.2,1949-12-14,9.1,",,X",15.0,",,X",10.6,",,X"
MOW00013017,"KENITRA PORT LYAUTEY, MO",34.3,-6.6,12.2,1949-12-15,45.2,",,X",16.7,",,X",11.1,",,X"
MOW00013017,"KENITRA PORT LYAUTEY, MO",34.3,-6.6,12.2,1949-12-16,0.0,"T,,X",17.8,",,X",11.1,",,X"
MOW00013017,"KENITRA PORT LYAUTEY, MO",34.3,-6.6,12.2,1949-12-17,0.0,",,X",16.7,",,X",7.8,",,X"
MOW00013017,"KENITRA PORT LYAUTEY, MO",34.3,-6.6,12.2,1949-12-18,0.0,",,X",18.3,",,X",7.2,",,X"
MOW00013017,"KENITRA PORT LYAUTEY, MO",34.3,-6.6,12.2,1949-12-19,0.0,",,X",17.2,",,X",6.7,",,X"
MOW00013017,"KENITRA PORT LYAUTEY, MO",34.3,-6.6,12.2,1949-12-20,0.0,",,X",18.3,",,X",10.6,",,X"
MOW00013017,"KENITRA PORT LYAUTEY, MO",34.3,-6.6,12.2,1949-12-21,0.0,",,X",18.9,",,X",8.9,",,X"
MOW00013017,"KENITRA PORT LYAUTEY, MO",34.3,-6.6,12.2,1949-12-22,0.0,",,X",18.9,",,X",7.2,",,X"
MOW00013017,"KENITRA PORT LYAUTEY, MO",34.3,-6.6,12.2,1949-12-23,0.0,",,X",17.8,",,X",8.3,",,X"
MOW00013017,"KENITRA PORT LYAUTEY, MO",34.3,-6.6,12.2,1949-12-24,0.0,",,X",20.0,",,X",7.2,",,X"
MOW00013017,"KENITRA PORT LYAUTEY, MO",34.3,-6.6,12.2,1949-12-25,0.0,",,X",19.4,",,X",5.6,",,X"
MOW00013017,"KENITRA PORT LYAUTEY, MO",34.3,-6.6,12.2,1949-12-26,0.0,",,X",18.3,",,X",6.7,",,X"
MOW00013017,"KENITRA PORT LYAUTEY, MO",34.3,-6.6,12.2,1949-12-27,0.0,",,X",17.2,",,X",5.6,",,X"
MOW00013017,"KENITRA PORT LYAUTEY, MO",34.3,-6.6,12.2,1949-12-28,13.2,",,X",15.6,",,X",10.6,",,X"
MOW00013017,"KENITRA PORT LYAUTEY, MO",34.3,-6.6,12.2,1949-12-29,18.0,",,X",20.0,",,X",11.1,",,X"
MOW00013017,"KENITRA PORT LYAUTEY, MO",34.3,-6.6,12.2,1949-12-30,19.1,",,X",20.6,",,X",10.6,",,X"
MOW00013017,"KENITRA PORT LYAUTEY, MO",34.3,-6.6,12.2,1949-12-31,15.7,",,X",15.6,",,X",11.7,",,X"
MOW00013017,"KENITRA PORT LYAUTEY, MO",34.3,-6.6,12.2,1950-01-01,0.8,",,X",16.7,",,X",8.9,",,X"
MOW00013017,"KENITRA PORT LYAUTEY, MO",34.3,-6.6,12.2,1950-01-02,0.0,",,X",16.1,",,X",6.7,",,X"
MOW00013017,"KENITRA PORT LYAUTEY, MO",34.3,-6.6,12.2,1950-01-03,0.0,",,X",16.7,",,X",6.7,",,X"
MOW00013017,"KENITRA PORT LYAUTEY, MO",34.3,-6.6,12.2,1950-01-04,0.0,",,X",16.7,",,X",3.9,",,X"
MOW00013017,"KENITRA PORT LYAUTEY, MO",34.3,-6.6,12.2,1950-01-05,0.0,",,X",17.2,",,X",5.6,",,X"
MOW00013017,"KENITRA PORT LYAUTEY, MO",34.3,-6.6,12.2,1950-01-06,0.0,",,X",17.8,",,X",4.4,",,X"
MOW00013017,"KENITRA PORT LYAUTEY, MO",34.3,-6.6,12.2,1950-01-07,0.0,",,X",15.0,",,X",6.1,",,X"
MOW00013017,"KENITRA PORT LYAUTEY, MO",34.3,-6.6,12.2,1950-01-08,6.1,",,X",20.6,",,X",9.4,",,X"
MOW00013017,"KENITRA PORT LYAUTEY, MO",34.3,-6.6,12.2,1950-01-09,43.4,",,X",18.3,",,X",12.2,",,X"
MOW00013017,"KENITRA PORT LYAUTEY, MO",34.3,-6.6,12.2,1950-01-10,0.0,"T,,X",16.7,",,X",10.0,",,X"
MOW00013017,"KENITRA PORT LYAUTEY, MO",34.3,-6.6,12.2,1950-01-11,0.0,",,X",17.8,",,X",6.7,",,X"
MOW00013017,"KENITRA PORT LYAUTEY, MO",34.3,-6.6,12.2,1950-01-12,0.0,",,X",17.8,",,X",6.1,",,X"
MOW00013017,"KENITRA PORT LYAUTEY, MO",34.3,-6.6,12.2,1950-01-13,0.0,",,X",18.9,",,X",5.6,",,X"
MOW00013017,"KENITRA PORT LYAUTEY, MO",34.3,-6.6,12.2,1950-01-14,0.0,",,X",22.8,",,X",5.0,",,X"
MOW00013017,"KENITRA PORT LYAUTEY, MO",34.3,-6.6,12.2,1950-01-15,0.0,",,X",18.9,",,X",6.7,",,X"
MOW00013017,"KENITRA PORT LYAUTEY, MO",34.3,-6.6,12.2,1950-01-16,0.0,",,X",18.3,",,X",6.7,",,X"
MOW00013017,"KENITRA PORT LYAUTEY, MO",34.3,-6.6,12.2,1950-01-17,10.9,",,X",17.2,",,X",8.9,",,X"
MOW00013017,"KENITRA PORT LYAUTEY, MO",34.3,-6.6,12.2,1950-01-18,0.0,",,X",15.6,",,X",6.7,",,X"
MOW00013017,"KENITRA PORT LYAUTEY, MO",34.3,-6.6,12.2,1950-01-19,0.0,",,X",15.0,",,X",5.0,",,X"
MOW00013017,"KENITRA PORT LYAUTEY, MO",34.3,-6.6,12.2,1950-01-20,0.0,",,X",15.6,",,X",2.2,",,X"
MOW00013017,"KENITRA PORT LYAUTEY, MO",34.3,-6.6,12.2,1950-01-21,11.2,",,X",11.7,",,X",8.9,",,X"
MOW00013017,"KENITRA PORT LYAUTEY, MO",34.3,-6.6,12.2,1950-01-22,1.5,",,X",12.8,",,X",6.1,",,X"
MOW00013017,"KENITRA PORT LYAUTEY, MO",34.3,-6.6,12.2,1950-01-23,1.0,",,X",15.0,",,X",7.2,",,X"
MOW00013017,"KENITRA PORT LYAUTEY, MO",34.3,-6.6,12.2,1950-01-24,10.7,",,X",13.9,",,X",8.9,",,X"
MOW00013017,"KENITRA PORT LYAUTEY, MO",34.3,-6.6,12.2,1950-01-25,5.1,",,X",16.7,",,X",7.2,",,X"
MOW00013017,"KENITRA PORT LYAUTEY, MO",34.3,-6.6,12.2,1950-01-26,2.8,",,X",17.8,",,X",8.3,",,X"
MOW00013017,"KENITRA PORT LYAUTEY, MO",34.3,-6.6,12.2,1950-01-27,0.0,",,X",18.3,",,X",7.8,",,X"
MOW00013017,"KENITRA PORT LYAUTEY, MO",34.3,-6.6,12.2,1950-01-28,0.0,",,X",20.0,",,X",7.2,",,X"
MOW00013017,"KENITRA PORT LYAUTEY, MO",34.3,-6.6,12.2,1950-01-29,0.0,",,X",18.3,",,X",5.0,",,X"
MOW00013017,"KENITRA PORT LYAUTEY, MO",34.3,-6.6,12.2,1950-01-30,0.0,",,X",17.8,",,X",7.8,",,X"
MOW00013017,"KENITRA PORT LYAUTEY, MO",34.3,-6.6,12.2,1950-01-31,0.0,",,X",17.8,",,X",7.8,",,X"
MOW00013017,"KENITRA PORT LYAUTEY, MO",34.3,-6.6,12.2,1950-02-01,0.0,"T,,X",15.0,",,X",8.3,",,X"
MOW00013017,"KENITRA PORT LYAUTEY, MO",34.3,-6.6,12.2,1950-02-02,0.0,",,X",15.6,",,X",8.3,",,X"
MOW00013017,"KENITRA PORT LYAUTEY, MO",34.3,-6.6,12.2,1950-02-03,0.0,",,X",16.1,",,X",7.8,",,X"
MOW00013017,"KENITRA PORT LYAUTEY, MO",34.3,-6.6,12.2,1950-02-04,2.3,",,X",15.6,",,X",11.7,",,X"
MOW00013017,"KENITRA PORT LYAUTEY, MO",34.3,-6.6,12.2,1950-02-05,0.0,",,X",17.8,",,X",8.3,",,X"
MOW00013017,"KENITRA PORT LYAUTEY, MO",34.3,-6.6,12.2,1950-02-06,0.5,",,X",17.2,",,X",10.0,",,X"
MOW00013017,"KENITRA PORT LYAUTEY, MO",34.3,-6.6,12.2,1950-02-07,0.0,",,X",16.1,",,X",8.9,",,X"
MOW00013017,"KENITRA PORT LYAUTEY, MO",34.3,-6.6,12.2,1950-02-08,0.0,",,X",16.1,",,X",6.1,",,X"
MOW00013017,"KENITRA PORT LYAUTEY, MO",34.3,-6.6,12.2,1950-02-09,0.0,",,X",19.4,",,X",7.8,",,X"
MOW00013017,"KENITRA PORT LYAUTEY, MO",34.3,-6.6,12.2,1950-02-10,0.0,",,X",20.0,",,X",5.0,",,X"
MOW00013017,"KENITRA PORT LYAUTEY, MO",34.3,-6.6,12.2,1950-02-11,0.0,",,X",18.9,",,X",4.4,",,X"
MOW00013017,"KENITRA PORT LYAUTEY, MO",34.3,-6.6,12.2,1950-02-12,0.0,",,X",17.8,",,X",11.1,",,X"
MOW00013017,"KENITRA PORT LYAUTEY, MO",34.3,-6.6,12.2,1950-02-13,1.8,",,X",17.2,",,X",10.0,",,X"
MOW00013017,"KENITRA PORT LYAUTEY, MO",34.3,-6.6,12.2,1950-02-14,1.8,",,X",16.1,",,X",9.4,",,X"
MOW00013017,"KENITRA PORT LYAUTEY, MO",34.3,-6.6,12.2,1950-02-15,0.0,",,X",20.0,",,X",4.4,",,X"
MOW00013017,"KENITRA PORT LYAUTEY, MO",34.3,-6.6,12.2,1950-02-16,0.0,",,X",23.3,",,X",3.9,",,X"
MOW00013017,"KENITRA PORT LYAUTEY, MO",34.3,-6.6,12.2,1950-02-17,0.0,",,X",25.0,",,X",5.0,",,X"
MOW00013017,"KENITRA PORT LYAUTEY, MO",34.3,-6.6,12.2,1950-02-18,0.0,",,X",23.3,",,X",6.7,",,X"
MOW00013017,"KENITRA PORT LYAUTEY, MO",34.3,-6.6,12.2,1950-02-19,0.0,",,X",17.8,",,X",6.1,",,X"
MOW00013017,"KENITRA PORT LYAUTEY, MO",34.3,-6.6,12.2,1950-02-20,0.0,",,X",18.3,",,X",5.6,",,X"
MOW00013017,"KENITRA PORT LYAUTEY, MO",34.3,-6.6,12.2,1950-02-21,0.0,",,X",20.0,",,X",8.9,",,X"
MOW00013017,"KENITRA PORT LYAUTEY, MO",34.3,-6.6,12.2,1950-02-22,0.0,"T,,X",18.9,",,X",10.6,",,X"
MOW00013017,"KENITRA PORT LYAUTEY, MO",34.3,-6.6,12.2,1950-02-23,1.5,",,X",18.3,",,X",10.0,",,X"
MOW00013017,"KENITRA PORT LYAUTEY, MO",34.3,-6.6,12.2,1950-02-24,12.7,",,X",17.8,",,X",10.0,",,X"
MOW00013017,"KENITRA PORT LYAUTEY, MO",34.3,-6.6,12.2,1950-02-25,3.6,",,X",18.3,",,X",11.7,",,X"
MOW00013017,"KENITRA PORT LYAUTEY, MO",34.3,-6.6,12.2,1950-02-26,3.0,",,X",15.6,",,X",10.6,",,X"
MOW00013017,"KENITRA PORT LYAUTEY, MO",34.3,-6.6,12.2,1950-02-27,0.0,",,X",17.2,",,X",8.9,",,X"
MOW00013017,"KENITRA PORT LYAUTEY, MO",34.3,-6.6,12.2,1950-02-28,0.0,"T,,X",18.3,",,X",10.0,",,X"
MOW00013017,"KENITRA PORT LYAUTEY, MO",34.3,-6.6,12.2,1950-03-01,0.0,"T,,X",17.8,",,X",11.7,",,X"
MOW00013017,"KENITRA PORT LYAUTEY, MO",34.3,-6.6,12.2,1950-03-02,1.0,",,X",18.3,",,X",9.4,",,X"
MOW00013017,"KENITRA PORT LYAUTEY, MO",34.3,-6.6,12.2,1950-03-03,0.0,",,X",18.9,",,X",6.7,",,X"
MOW00013017,"KENITRA PORT LYAUTEY, MO",34.3,-6.6,12.2,1950-03-04,0.0,",,X",19.4,",,X",6.7,",,X"
MOW00013017,"KENITRA PORT LYAUTEY, MO",34.3,-6.6,12.2,1950-03-05,0.0,",,X",25.0,",,X",6.7,",,X"
MOW00013017,"KENITRA PORT LYAUTEY, MO",34.3,-6.6,12.2,1950-03-06,0.0,",,X",26.1,",,X",9.4,",,X"
MOW00013017,"KENITRA PORT LYAUTEY, MO",34.3,-6.6,12.2,1950-03-07,0.0,",,X",22.8,",,X",9.4,",,X"
MOW00013017,"KENITRA PORT LYAUTEY, MO",34.3,-6.6,12.2,1950-03-08,0.0,",,X",18.3,",,X",6.7,",,X"
MOW00013017,"KENITRA PORT LYAUTEY, MO",34.3,-6.6,12.2,1950-03-09,0.0,",,X",21.1,",,X",9.4,",,X"
MOW00013017,"KENITRA PORT LYAUTEY, MO",34.3,-6.6,12.2,1950-03-10,20.1,",,X",17.8,",,X",12.2,",,X"
MOW00013017,"KENITRA PORT LYAUTEY, MO",34.3,-6.6,12.2,1950-03-11,0.0,",,X",18.3,",,X",10.0,",,X"
MOW00013017,"KENITRA PORT LYAUTEY, MO",34.3,-6.6,12.2,1950-03-12,0.0,",,X",18.3,",,X",10.0,",,X"
MOW00013017,"KENITRA PORT LYAUTEY, MO",34.3,-6.6,12.2,1950-03-13,0.0,",,X",18.3,",,X",7.8,",,X"
MOW00013017,"KENITRA PORT LYAUTEY, MO",34.3,-6.6,12.2,1950-03-14,0.0,",,X",18.9,",,X",7.8,",,X"
MOW00013017,"KENITRA PORT LYAUTEY, MO",34.3,-6.6,12.2,1950-03-15,0.0,",,X",18.9,",,X",10.6,",,X"
MOW00013017,"KENITRA PORT LYAUTEY, MO",34.3,-6.6,12.2,1950-03-16,0.0,"T,,X",20.0,",,X",11.1,",,X"
MOW00013017,"KENITRA PORT LYAUTEY, MO",34.3,-6.6,12.2,1950-03-17,0.0,",,X",21.7,",,X",10.0,",,X"
MOW00013017,"KENITRA PORT LYAUTEY, MO",34.3,-6.6,12.2,1950-03-18,0.0,",,X",18.9,",,X",11.1,",,X"
MOW00013017,"KENITRA PORT LYAUTEY, MO",34.3,-6.6,12.2,1950-03-19,0.0,"T,,X",18.9,",,X",10.0,",,X"
MOW00013017,"KENITRA PORT LYAUTEY, MO",34.3,-6.6,12.2,1950-03-20,0.0,",,X",18.9,",,X",6.7,",,X"
MOW00013017,"KENITRA PORT LYAUTEY, MO",34.3,-6.6,12.2,1950-03-21,0.0,",,X",20.0,",,X",7.2,",,X"
MOW00013017,"KENITRA PORT LYAUTEY, MO",34.3,-6.6,12.2,1950-03-22,0.0,",,X",21.7,",,X",6.1,",,X"
MOW00013017,"KENITRA PORT LYAUTEY, MO",34.3,-6.6,12.2,1950-03-23,0.0,",,X",25.0,",,X",7.2,",,X"
MOW00013017,"KENITRA PORT LYAUTEY, MO",34.3,-6.6,12.2,1950-03-24,0.0,",,X",29.4,",,X",7.8,",,X"
MOW00013017,"KENITRA PORT LYAUTEY, MO",34.3,-6.6,12.2,1950-03-25,0.0,",,X",23.9,",,X",12.8,",,X"
MOW00013017,"KENITRA PORT LYAUTEY, MO",34.3,-6.6,12.2,1950-03-26,0.0,",,X",18.9,",,X",13.9,",,X"
MOW00013017,"KENITRA PORT LYAUTEY, MO",34.3,-6.6,12.2,1950-03-27,5.8,",,X",18.3,",,X",12.8,",,X"
MOW00013017,"KENITRA PORT LYAUTEY, MO",34.3,-6.6,12.2,1950-03-28,9.9,",,X",16.7,",,X",11.1,",,X"
MOW00013017,"KENITRA PORT LYAUTEY, MO",34.3,-6.6,12.2,1950-03-29,17.5,",,X",17.8,",,X",11.7,",,X"
MOW00013017,"KENITRA PORT LYAUTEY, MO",34.3,-6.6,12.2,1950-03-30,1.5,",,X",18.9,",,X",12.2,",,X"
MOW00013017,"KENITRA PORT LYAUTEY, MO",34.3,-6.6,12.2,1950-03-31,0.0,"T,,X",18.3,",,X",10.0,",,X"
MOW00013017,"KENITRA PORT LYAUTEY, MO",34.3,-6.6,12.2,1950-04-01,0.0,",,X",17.8,",,X",6.7,",,X"
MOW00013017,"KENITRA PORT LYAUTEY, MO",34.3,-6.6,12.2,1950-04-02,0.0,",,X",18.9,",,X",6.1,",,X"
MOW00013017,"KENITRA PORT LYAUTEY, MO",34.3,-6.6,12.2,1950-04-03,0.0,",,X",18.9,",,X",8.3,",,X"
MOW00013017,"KENITRA PORT LYAUTEY, MO",34.3,-6.6,12.2,1950-04-04,0.0,",,X",18.3,",,X",10.0,",,X"
MOW00013017,"KENITRA PORT LYAUTEY, MO",34.3,-6.6,12.2,1950-04-05,0.0,",,X",18.9,",,X",8.3,",,X"
MOW00013017,"KENITRA PORT LYAUTEY, MO",34.3,-6.6,12.2,1950-04-06,0.8,",,X",16.7,",,X",11.7,",,X"
MOW00013017,"KENITRA PORT LYAUTEY, MO",34.3,-6.6,12.2,1950-04-07,0.0,",,X",20.6,",,X",10.0,",,X"
MOW00013017,"KENITRA PORT LYAUTEY, MO",34.3,-6.6,12.2,1950-04-08,0.0,",,X",22.8,",,X",11.7,",,X"
MOW00013017,"KENITRA PORT LYAUTEY, MO",34.3,-6.6,12.2,1950-04-09,0.0,",,X",32.8,",,X",12.2,",,X"
MOW00013017,"KENITRA PORT LYAUTEY, MO",34.3,-6.6,12.2,1950-04-10,0.0,",,X",25.0,",,X",13.9,",,X"
MOW00013017,"KENITRA PORT LYAUTEY, MO",34.3,-6.6,12.2,1950-04-11,3.6,",,X",22.8,",,X",18.3,",,X"
MOW00013017,"KENITRA PORT LYAUTEY, MO",34.3,-6.6,12.2,1950-04-12,0.0,"T,,X",23.3,",,X",16.1,",,X"
MOW00013017,"KENITRA PORT LYAUTEY, MO",34.3,-6.6,12.2,1950-04-13,0.0,",,X",21.1,",,X",15.0,",,X"
MOW00013017,"KENITRA PORT LYAUTEY, MO",34.3,-6.6,12.2,1950-04-14,0.0,"T,,X",18.9,",,X",10.0,",,X"
MOW00013017,"KENITRA PORT LYAUTEY, MO",34.3,-6.6,12.2,1950-04-15,0.0,"T,,X",18.9,",,X",10.0,",,X"
MOW00013017,"KENITRA PORT LYAUTEY, MO",34.3,-6.6,12.2,1950-04-16,0.0,",,X",18.9,",,X",6.7,",,X"
MOW00013017,"KENITRA PORT LYAUTEY, MO",34.3,-6.6,12.2,1950-04-17,0.0,",,X",19.4,",,X",8.9,",,X"
MOW00013017,"KENITRA PORT LYAUTEY, MO",34.3,-6.6,12.2,1950-04-18,0.0,"T,,X",20.6,",,X",10.0,",,X"
MOW00013017,"KENITRA PORT LYAUTEY, MO",34.3,-6.6,12.2,1950-04-19,3.6,",,X",18.9,",,X",11.7,",,X"
MOW00013017,"KENITRA PORT LYAUTEY, MO",34.3,-6.6,12.2,1950-04-20,0.0,",,X",19.4,",,X",10.0,",,X"
MOW00013017,"KENITRA PORT LYAUTEY, MO",34.3,-6.6,12.2,1950-04-21,0.0,",,X",20.6,",,X",7.8,",,X"
MOW00013017,"KENITRA PORT LYAUTEY, MO",34.3,-6.6,12.2,1950-04-22,0.0,",,X",21.1,",,X",8.3,",,X"
MOW00013017,"KENITRA PORT LYAUTEY, MO",34.3,-6.6,12.2,1950-04-23,0.0,",,X",21.7,",,X",9.4,",,X"
MOW00013017,"KENITRA PORT LYAUTEY, MO",34.3,-6.6,12.2,1950-04-24,0.0,",,X",22.2,",,X",8.3,",,X"
MOW00013017,"KENITRA PORT LYAUTEY, MO",34.3,-6.6,12.2,1950-04-25,0.0,",,X",22.8,",,X",13.3,",,X"
MOW00013017,"KENITRA PORT LYAUTEY, MO",34.3,-6.6,12.2,1950-04-26,0.0,"T,,X",18.3,",,X",15.0,",,X"
MOW00013017,"KENITRA PORT LYAUTEY, MO",34.3,-6.6,12.2,1950-04-27,0.0,",,X",20.6,",,X",12.2,",,X"
MOW00013017,"KENITRA PORT LYAUTEY, MO",34.3,-6.6,12.2,1950-04-28,0.0,",,X",24.4,",,X",8.9,",,X"
MOW00013017,"KENITRA PORT LYAUTEY, MO",34.3,-6.6,12.2,1950-04-29,0.0,",,X",23.9,",,X",10.6,",,X"
MOW00013017,"KENITRA PORT LYAUTEY, MO",34.3,-6.6,12.2,1950-04-30,0.0,",,X",26.1,",,X",10.0,",,X"
MOW00013017,"KENITRA PORT LYAUTEY, MO",34.3,-6.6,12.2,1950-05-01,0.0,",,X",26.7,",,X",10.6,",,X"
MOW00013017,"KENITRA PORT LYAUTEY, MO",34.3,-6.6,12.2,1950-05-02,0.0,",,X",23.9,",,X",10.6,",,X"
MOW00013017,"KENITRA PORT LYAUTEY, MO",34.3,-6.6,12.2,1950-05-03,0.0,",,X",23.3,",,X",15.0,",,X"
MOW00013017,"KENITRA PORT LYAUTEY, MO",34.3,-6.6,12.2,1950-05-04,0.0,",,X",26.1,",,X",11.7,",,X"
MOW00013017,"KENITRA PORT LYAUTEY, MO",34.3,-6.6,12.2,1950-05-05,0.0,",,X",25.6,",,X",11.1,",,X"
MOW00013017,"KENITRA PORT LYAUTEY, MO",34.3,-6.6,12.2,1950-05-06,0.0,",,X",20.6,",,X",17.2,",,X"
MOW00013017,"KENITRA PORT LYAUTEY, MO",34.3,-6.6,12.2,1950-05-07,0.0,",,X",21.7,",,X",14.4,",,X"
MOW00013017,"KENITRA PORT LYAUTEY, MO",34.3,-6.6,12.2,1950-05-08,0.0,",,X",22.2,",,X",11.7,",,X"
MOW00013017,"KENITRA PORT LYAUTEY, MO",34.3,-6.6,12.2,1950-05-09,0.0,",,X",22.2,",,X",15.0,",,X"
MOW00013017,"KENITRA PORT LYAUTEY, MO",34.3,-6.6,12.2,1950-05-10,0.0,",,X",21.1,",,X",10.0,",,X"
MOW00013017,"KENITRA PORT LYAUTEY, MO",34.3,-6.6,12.2,1950-05-11,0.0,"T,,X",20.6,",,X",15.6,",,X"
MOW00013017,"KENITRA PORT LYAUTEY, MO",34.3,-6.6,12.2,1950-05-12,4.1,",,X",20.0,",,X",14.4,",,X"
MOW00013017,"KENITRA PORT LYAUTEY, MO",34.3,-6.6,12.2,1950-05-13,0.0,",,X",22.2,",,X",11.7,",,X"
MOW00013017,"KENITRA PORT LYAUTEY, MO",34.3,-6.6,12.2,1950-05-14,0.0,"T,,X",22.2,",,X",15.0,",,X"
MOW00013017,"KENITRA PORT LYAUTEY, MO",34.3,-6.6,12.2,1950-05-15,1.5,",,X",21.7,",,X",13.3,",,X"
MOW00013017,"KENITRA PORT LYAUTEY, MO",34.3,-6.6,12.2,1950-05-16,0.0,",,X",21.7,",,X",11.1,",,X"
MOW00013017,"KENITRA PORT LYAUTEY, MO",34.3,-6.6,12.2,1950-05-17,0.5,",,X",21.7,",,X",14.4,",,X"
MOW00013017,"KENITRA PORT LYAUTEY, MO",34.3,-6.6,12.2,1950-05-18,0.0,",,X",22.8,",,X",12.2,",,X"
MOW00013017,"KENITRA PORT LYAUTEY, MO",34.3,-6.6,12.2,1950-05-19,0.0,",,X",24.4,",,X",12.2,",,X"
MOW00013017,"KENITRA PORT LYAUTEY, MO",34.3,-6.6,12.2,1950-05-20,0.0,",,X",24.4,",,X",12.8,",,X"
MOW00013017,"KENITRA PORT LYAUTEY, MO",34.3,-6.6,12.2,1950-05-21,0.0,",,X",22.2,",,X",15.6,",,X"
MOW00013017,"KENITRA PORT LYAUTEY, MO",34.3,-6.6,12.2,1950-05-22,0.0,",,X",21.7,",,X",11.1,",,X"
MOW00013017,"KENITRA PORT LYAUTEY, MO",34.3,-6.6,12.2,1950-05-23,0.0,",,X",22.2,",,X",10.6,",,X"
MOW00013017,"KENITRA PORT LYAUTEY, MO",34.3,-6.6,12.2,1950-05-24,0.0,",,X",22.2,",,X",12.8,",,X"
MOW00013017,"KENITRA PORT LYAUTEY, MO",34.3,-6.6,12.2,1950-05-25,4.8,",,X",22.2,",,X",13.9,",,X"
MOW00013017,"KENITRA PORT LYAUTEY, MO",34.3,-6.6,12.2,1950-05-26,0.0,",,X",21.7,",,X",11.1,",,X"
MOW00013017,"KENITRA PORT LYAUTEY, MO",34.3,-6.6,12.2,1950-05-27,0.0,",,X",23.3,",,X",11.1,",,X"
MOW00013017,"KENITRA PORT LYAUTEY, MO",34.3,-6.6,12.2,1950-05-28,0.0,",,X",25.0,",,X",12.2,",,X"
MOW00013017,"KENITRA PORT LYAUTEY, MO",34.3,-6.6,12.2,1950-05-29,0.0,",,X",23.9,",,X",17.2,",,X"
MOW00013017,"KENITRA PORT LYAUTEY, MO",34.3,-6.6,12.2,1950-05-30,0.0,",,X",23.9,",,X",15.0,",,X"
MOW00013017,"KENITRA PORT LYAUTEY, MO",34.3,-6.6,12.2,1950-05-31,0.0,",,X",23.3,",,X",15.0,",,X"
MOW00013017,"KENITRA PORT LYAUTEY, MO",34.3,-6.6,12.2,1950-06-01,0.0,",,X",23.9,",,X",14.4,",,X"
MOW00013017,"KENITRA PORT LYAUTEY, MO",34.3,-6.6,12.2,1950-06-02,0.0,",,X",23.9,",,X",18.3,",,X"
MOW00013017,"KENITRA PORT LYAUTEY, MO",34.3,-6.6,12.2,1950-06-03,0.0,",,X",25.0,",,X",18.3,",,X"
MOW00013017,"KENITRA PORT LYAUTEY, MO",34.3,-6.6,12.2,1950-06-04,0.0,",,X",25.0,",,X",19.4,",,X"
MOW00013017,"KENITRA PORT LYAUTEY, MO",34.3,-6.6,12.2,1950-06-05,0.0,",,X",22.8,",,X",18.9,",,X"
MOW00013017,"KENITRA PORT LYAUTEY, MO",34.3,-6.6,12.2,1950-06-06,0.0,",,X",23.3,",,X",18.9,",,X"
MOW00013017,"KENITRA PORT LYAUTEY, MO",34.3,-6.6,12.2,1950-06-07,0.0,",,X",22.8,",,X",17.8,",,X"
MOW00013017,"KENITRA PORT LYAUTEY, MO",34.3,-6.6,12.2,1950-06-08,0.0,",,X",22.8,",,X",14.4,",,X"
MOW00013017,"KENITRA PORT LYAUTEY, MO",34.3,-6.6,12.2,1950-06-09,0.0,",,X",23.3,",,X",16.7,",,X"
MOW00013017,"KENITRA PORT LYAUTEY, MO",34.3,-6.6,12.2,1950-06-10,0.0,",,X",24.4,",,X",16.1,",,X"
MOW00013017,"KENITRA PORT LYAUTEY, MO",34.3,-6.6,12.2,1950-06-11,0.0,",,X",25.6,",,X",17.2,",,X"
MOW00013017,"KENITRA PORT LYAUTEY, MO",34.3,-6.6,12.2,1950-06-12,0.0,",,X",24.4,",,X",13.9,",,X"
MOW00013017,"KENITRA PORT LYAUTEY, MO",34.3,-6.6,12.2,1950-06-13,0.0,",,X",24.4,",,X",14.4,",,X"
MOW00013017,"KENITRA PORT LYAUTEY, MO",34.3,-6.6,12.2,1950-06-14,0.0,",,X",25.0,",,X",12.8,",,X"
MOW00013017,"KENITRA PORT LYAUTEY, MO",34.3,-6.6,12.2,1950-06-15,0.0,",,X",24.4,",,X",14.4,",,X"
MOW00013017,"KENITRA PORT LYAUTEY, MO",34.3,-6.6,12.2,1950-06-16,0.0,",,X",26.1,",,X",17.2,",,X"
MOW00013017,"KENITRA PORT LYAUTEY, MO",34.3,-6.6,12.2,1950-06-17,0.0,",,X",24.4,",,X",15.6,",,X"
MOW00013017,"KENITRA PORT LYAUTEY, MO",34.3,-6.6,12.2,1950-06-18,0.0,",,X",25.0,",,X",15.0,",,X"
MOW00013017,"KENITRA PORT LYAUTEY, MO",34.3,-6.6,12.2,1950-06-19,0.0,",,X",23.3,",,X",15.6,",,X"
MOW00013017,"KENITRA PORT LYAUTEY, MO",34.3,-6.6,12.2,1950-06-20,0.0,",,X",23.3,",,X",18.3,",,X"
MOW00013017,"KENITRA PORT LYAUTEY, MO",34.3,-6.6,12.2,1950-06-21,0.0,",,X",23.9,",,X",16.1,",,X"
MOW00013017,"KENITRA PORT LYAUTEY, MO",34.3,-6.6,12.2,1950-06-22,0.0,",,X",24.4,",,X",14.4,",,X"
MOW00013017,"KENITRA PORT LYAUTEY, MO",34.3,-6.6,12.2,1950-06-23,0.0,",,X",25.0,",,X",14.4,",,X"
MOW00013017,"KENITRA PORT LYAUTEY, MO",34.3,-6.6,12.2,1950-06-24,0.0,",,X",24.4,",,X",17.2,",,X"
MOW00013017,"KENITRA PORT LYAUTEY, MO",34.3,-6.6,12.2,1950-06-25,0.0,",,X",24.4,",,X",17.2,",,X"
MOW00013017,"KENITRA PORT LYAUTEY, MO",34.3,-6.6,12.2,1950-06-26,0.0,",,X",28.9,",,X",17.2,",,X"
MOW00013017,"KENITRA PORT LYAUTEY, MO",34.3,-6.6,12.2,1950-06-27,0.0,",,X",28.9,",,X",18.3,",,X"
MOW00013017,"KENITRA PORT LYAUTEY, MO",34.3,-6.6,12.2,1950-06-28,0.0,",,X",30.6,",,X",19.4,",,X"
MOW00013017,"KENITRA PORT LYAUTEY, MO",34.3,-6.6,12.2,1950-06-29,0.0,",,X",25.6,",,X",20.6,",,X"
MOW00013017,"KENITRA PORT LYAUTEY, MO",34.3,-6.6,12.2,1950-06-30,0.0,",,X",29.4,",,X",20.6,",,X"
MOW00013017,"KENITRA PORT LYAUTEY, MO",34.3,-6.6,12.2,1950-07-01,0.0,"T,,X",26.7,",,X",21.1,",,X"
MOW00013017,"KENITRA PORT LYAUTEY, MO",34.3,-6.6,12.2,1950-07-02,0.0,"T,,X",25.6,",,X",18.9,",,X"
MOW00013017,"KENITRA PORT LYAUTEY, MO",34.3,-6.6,12.2,1950-07-03,0.0,",,X",26.1,",,X",17.8,",,X"
MOW00013017,"KENITRA PORT LYAUTEY, MO",34.3,-6.6,12.2,1950-07-04,0.0,",,X",25.6,",,X",17.8,",,X"
MOW00013017,"KENITRA PORT LYAUTEY, MO",34.3,-6.6,12.2,1950-07-05,0.0,",,X",26.1,",,X",18.3,",,X"
MOW00013017,"KENITRA PORT LYAUTEY, MO",34.3,-6.6,12.2,1950-07-06,0.0,",,X",26.1,",,X",16.1,",,X"
MOW00013017,"KENITRA PORT LYAUTEY, MO",34.3,-6.6,12.2,1950-07-07,0.0,",,X",28.3,",,X",18.3,",,X"
MOW00013017,"KENITRA PORT LYAUTEY, MO",34.3,-6.6,12.2,1950-07-08,0.0,",,X",28.3,",,X",18.9,",,X"
MOW00013017,"KENITRA PORT LYAUTEY, MO",34.3,-6.6,12.2,1950-07-09,0.0,",,X",31.1,",,X",21.1,",,X"
MOW00013017,"KENITRA PORT LYAUTEY, MO",34.3,-6.6,12.2,1950-07-10,0.0,",,X",28.3,",,X",20.0,",,X"
MOW00013017,"KENITRA PORT LYAUTEY, MO",34.3,-6.6,12.2,1950-07-11,0.0,",,X",28.3,",,X",16.7,",,X"
MOW00013017,"KENITRA PORT LYAUTEY, MO",34.3,-6.6,12.2,1950-07-12,0.0,",,X",26.1,",,X",18.9,",,X"
MOW00013017,"KENITRA PORT LYAUTEY, MO",34.3,-6.6,12.2,1950-07-13,0.0,",,X",26.7,",,X",18.9,",,X"
MOW00013017,"KENITRA PORT LYAUTEY, MO",34.3,-6.6,12.2,1950-07-14,0.0,",,X",26.7,",,X",19.4,",,X"
MOW00013017,"KENITRA PORT LYAUTEY, MO",34.3,-6.6,12.2,1950-07-15,0.0,",,X",28.9,",,X",17.2,",,X"
MOW00013017,"KENITRA PORT LYAUTEY, MO",34.3,-6.6,12.2,1950-07-16,0.0,",,X",28.3,",,X",19.4,",,X"
MOW00013017,"KENITRA PORT LYAUTEY, MO",34.3,-6.6,12.2,1950-07-17,0.0,",,X",27.2,",,X",21.1,",,X"
MOW00013017,"KENITRA PORT LYAUTEY, MO",34.3,-6.6,12.2,1950-07-18,0.0,",,X",30.6,",,X",17.8,",,X"
MOW00013017,"KENITRA PORT LYAUTEY, MO",34.3,-6.6,12.2,1950-07-19,0.0,",,X",27.2,",,X",21.1,",,X"
MOW00013017,"KENITRA PORT LYAUTEY, MO",34.3,-6.6,12.2,1950-07-20,0.0,",,X",28.9,",,X",21.1,",,X"
MOW00013017,"KENITRA PORT LYAUTEY, MO",34.3,-6.6,12.2,1950-07-21,0.0,",,X",27.8,",,X",20.6,",,X"
MOW00013017,"KENITRA PORT LYAUTEY, MO",34.3,-6.6,12.2,1950-07-22,0.0,",,X",26.7,",,X",18.3,",,X"
MOW00013017,"KENITRA PORT LYAUTEY, MO",34.3,-6.6,12.2,1950-07-23,0.0,",,X",28.3,",,X",18.3,",,X"
MOW00013017,"KENITRA PORT LYAUTEY, MO",34.3,-6.6,12.2,1950-07-24,0.0,",,X",29.4,",,X",18.9,",,X"
MOW00013017,"KENITRA PORT LYAUTEY, MO",34.3,-6.6,12.2,1950-07-25,0.0,",,X",28.9,",,X",22.8,",,X"
MOW00013017,"KENITRA PORT LYAUTEY, MO",34.3,-6.6,12.2,1950-07-26,0.0,",,X",27.8,",,X",23.3,",,X"
MOW00013017,"KENITRA PORT LYAUTEY, MO",34.3,-6.6,12.2,1950-07-27,0.0,",,X",28.9,",,X",21.1,",,X"
MOW00013017,"KENITRA PORT LYAUTEY, MO",34.3,-6.6,12.2,1950-07-28,0.0,",,X",29.4,",,X",22.2,",,X"
MOW00013017,"KENITRA PORT LYAUTEY, MO",34.3,-6.6,12.2,1950-07-29,0.0,",,X",29.4,",,X",20.6,",,X"
MOW00013017,"KENITRA PORT LYAUTEY, MO",34.3,-6.6,12.2,1950-07-30,0.0,",,X",27.8,",,X",22.2,",,X"
MOW00013017,"KENITRA PORT LYAUTEY, MO",34.3,-6.6,12.2,1950-07-31,0.0,",,X",27.8,",,X",18.9,",,X"
MOW00013017,"KENITRA PORT LYAUTEY, MO",34.3,-6.6,12.2,1950-08-01,0.0,",,X",28.9,",,X",20.0,",,X"
MOW00013017,"KENITRA PORT LYAUTEY, MO",34.3,-6.6,12.2,1950-08-02,0.0,",,X",28.9,",,X",20.6,",,X"
MOW00013017,"KENITRA PORT LYAUTEY, MO",34.3,-6.6,12.2,1950-08-03,0.0,",,X",30.0,",,X",17.8,",,X"
MOW00013017,"KENITRA PORT LYAUTEY, MO",34.3,-6.6,12.2,1950-08-04,0.0,",,X",27.2,",,X",17.8,",,X"
MOW00013017,"KENITRA PORT LYAUTEY, MO",34.3,-6.6,12.2,1950-08-05,0.0,",,X",25.6,",,X",18.3,",,X"
MOW00013017,"KENITRA PORT LYAUTEY, MO",34.3,-6.6,12.2,1950-08-06,0.0,",,X",25.6,",,X",21.1,",,X"
MOW00013017,"KENITRA PORT LYAUTEY, MO",34.3,-6.6,12.2,1950-08-07,0.0,",,X",27.2,",,X",18.3,",,X"
MOW00013017,"KENITRA PORT LYAUTEY, MO",34.3,-6.6,12.2,1950-08-08,0.0,",,X",27.2,",,X",17.2,",,X"
MOW00013017,"KENITRA PORT LYAUTEY, MO",34.3,-6.6,12.2,1950-08-09,0.0,",,X",30.0,",,X",16.7,",,X"
MOW00013017,"KENITRA PORT LYAUTEY, MO",34.3,-6.6,12.2,1950-08-10,0.0,",,X",27.2,",,X",21.7,",,X"
MOW00013017,"KENITRA PORT LYAUTEY, MO",34.3,-6.6,12.2,1950-08-11,0.0,",,X",28.9,",,X",20.0,",,X"
MOW00013017,"KENITRA PORT LYAUTEY, MO",34.3,-6.6,12.2,1950-08-12,0.0,",,X",27.8,",,X",19.4,",,X"
MOW00013017,"KENITRA PORT LYAUTEY, MO",34.3,-6.6,12.2,1950-08-13,0.0,",,X",27.2,",,X",19.4,",,X"
MOW00013017,"KENITRA PORT LYAUTEY, MO",34.3,-6.6,12.2,1950-08-14,0.0,",,X",27.2,",,X",22.8,",,X"
MOW00013017,"KENITRA PORT LYAUTEY, MO",34.3,-6.6,12.2,1950-08-15,0.0,",,X",28.9,",,X",20.6,",,X"
MOW00013017,"KENITRA PORT LYAUTEY, MO",34.3,-6.6,12.2,1950-08-16,0.0,",,X",27.8,",,X",23.9,",,X"
MOW00013017,"KENITRA PORT LYAUTEY, MO",34.3,-6.6,12.2,1950-08-17,0.0,",,X",27.8,",,X",20.6,",,X"
MOW00013017,"KENITRA PORT LYAUTEY, MO",34.3,-6.6,12.2,1950-08-18,0.0,",,X",26.7,",,X",17.8,",,X"
MOW00013017,"KENITRA PORT LYAUTEY, MO",34.3,-6.6,12.2,1950-08-19,0.0,",,X",28.9,",,X",15.0,",,X"
MOW00013017,"KENITRA PORT LYAUTEY, MO",34.3,-6.6,12.2,1950-08-20,0.0,"T,,X",28.3,",,X",21.1,",,X"
MOW00013017,"KENITRA PORT LYAUTEY, MO",34.3,-6.6,12.2,1950-08-21,0.0,"T,,X",28.9,",,X",22.2,",,X"
MOW00013017,"KENITRA PORT LYAUTEY, MO",34.3,-6.6,12.2,1950-08-22,0.0,"T,,X",28.9,",,X",22.2,",,X"
MOW00013017,"KENITRA PORT LYAUTEY, MO",34.3,-6.6,12.2,1950-08-23,0.0,",,X",28.3,",,X",22.8,",,X"
MOW00013017,"KENITRA PORT LYAUTEY, MO",34.3,-6.6,12.2,1950-08-24,0.0,",,X",26.7,",,X",21.1,",,X"
MOW00013017,"KENITRA PORT LYAUTEY, MO",34.3,-6.6,12.2,1950-08-25,0.0,",,X",26.1,",,X",17.2,",,X"
MOW00013017,"KENITRA PORT LYAUTEY, MO",34.3,-6.6,12.2,1950-08-26,0.0,",,X",26.1,",,X",15.0,",,X"
MOW00013017,"KENITRA PORT LYAUTEY, MO",34.3,-6.6,12.2,1950-08-27,0.0,",,X",25.6,",,X",17.8,",,X"
MOW00013017,"KENITRA PORT LYAUTEY, MO",34.3,-6.6,12.2,1950-08-28,0.0,",,X",25.0,",,X",17.8,",,X"
MOW00013017,"KENITRA PORT LYAUTEY, MO",34.3,-6.6,12.2,1950-08-29,0.0,",,X",27.2,",,X",15.0,",,X"
MOW00013017,"KENITRA PORT LYAUTEY, MO",34.3,-6.6,12.2,1950-08-30,0.0,",,X",27.2,",,X",16.7,",,X"
MOW00013017,"KENITRA PORT LYAUTEY, MO",34.3,-6.6,12.2,1950-08-31,0.0,",,X",26.1,",,X",18.3,",,X"
MOW00013017,"KENITRA PORT LYAUTEY, MO",34.3,-6.6,12.2,1950-09-01,0.0,",,X",25.0,",,X",16.7,",,X"
MOW00013017,"KENITRA PORT LYAUTEY, MO",34.3,-6.6,12.2,1950-09-02,0.0,",,X",26.1,",,X",13.3,",,X"
MOW00013017,"KENITRA PORT LYAUTEY, MO",34.3,-6.6,12.2,1950-09-03,0.0,"T,,X",27.2,",,X",20.0,",,X"
MOW00013017,"KENITRA PORT LYAUTEY, MO",34.3,-6.6,12.2,1950-09-04,0.0,",,X",26.7,",,X",18.9,",,X"
MOW00013017,"KENITRA PORT LYAUTEY, MO",34.3,-6.6,12.2,1950-09-05,0.0,",,X",26.1,",,X",22.2,",,X"
MOW00013017,"KENITRA PORT LYAUTEY, MO",34.3,-6.6,12.2,1950-09-06,0.0,",,X",25.0,",,X",21.1,",,X"
MOW00013017,"KENITRA PORT LYAUTEY, MO",34.3,-6.6,12.2,1950-09-07,0.0,",,X",26.7,",,X",18.3,",,X"
MOW00013017,"KENITRA PORT LYAUTEY, MO",34.3,-6.6,12.2,1950-09-08,0.0,",,X",31.1,",,X",18.3,",,X"
MOW00013017,"KENITRA PORT LYAUTEY, MO",34.3,-6.6,12.2,1950-09-09,0.0,",,X",32.2,",,X",22.2,",,X"
MOW00013017,"KENITRA PORT LYAUTEY, MO",34.3,-6.6,12.2,1950-09-10,0.0,",,X",27.8,",,X",21.1,",,X"
MOW00013017,"KENITRA PORT LYAUTEY, MO",34.3,-6.6,12.2,1950-09-11,0.0,",,X",28.3,",,X",21.1,",,X"
MOW00013017,"KENITRA PORT LYAUTEY, MO",34.3,-6.6,12.2,1950-09-12,0.0,",,X",26.7,",,X",17.8,",,X"
MOW00013017,"KENITRA PORT LYAUTEY, MO",34.3,-6.6,12.2,1950-09-13,0.0,",,X",26.7,",,X",17.8,",,X"
MOW00013017,"KENITRA PORT LYAUTEY, MO",34.3,-6.6,12.2,1950-09-14,0.0,",,X",26.7,",,X",15.6,",,X"
MOW00013017,"KENITRA PORT LYAUTEY, MO",34.3,-6.6,12.2,1950-09-15,0.0,",,X",27.2,",,X",16.7,",,X"
MOW00013017,"KENITRA PORT LYAUTEY, MO",34.3,-6.6,12.2,1950-09-16,0.0,",,X",27.8,",,X",15.6,",,X"
MOW00013017,"KENITRA PORT LYAUTEY, MO",34.3,-6.6,12.2,1950-09-17,0.0,",,X",28.9,",,X",16.1,",,X"
MOW00013017,"KENITRA PORT LYAUTEY, MO",34.3,-6.6,12.2,1950-09-18,0.0,",,X",27.2,",,X",19.4,",,X"
MOW00013017,"KENITRA PORT LYAUTEY, MO",34.3,-6.6,12.2,1950-09-19,0.0,",,X",26.7,",,X",18.3,",,X"
MOW00013017,"KENITRA PORT LYAUTEY, MO",34.3,-6.6,12.2,1950-09-20,0.0,",,X",27.8,",,X",16.7,",,X"
MOW00013017,"KENITRA PORT LYAUTEY, MO",34.3,-6.6,12.2,1950-09-21,0.0,",,X",26.1,",,X",18.9,",,X"
MOW00013017,"KENITRA PORT LYAUTEY, MO",34.3,-6.6,12.2,1950-09-22,0.0,"T,,X",27.8,",,X",20.0,",,X"
MOW00013017,"KENITRA PORT LYAUTEY, MO",34.3,-6.6,12.2,1950-09-23,0.0,",,X",34.4,",,X",17.8,",,X"
MOW00013017,"KENITRA PORT LYAUTEY, MO",34.3,-6.6,12.2,1950-09-24,0.0,",,X",33.3,",,X",22.8,",,X"
MOW00013017,"KENITRA PORT LYAUTEY, MO",34.3,-6.6,12.2,1950-09-25,0.0,"T,,X",26.7,",,X",21.7,",,X"
MOW00013017,"KENITRA PORT LYAUTEY, MO",34.3,-6.6,12.2,1950-09-26,0.0,"T,,X",25.6,",,X",18.9,",,X"
MOW00013017,"KENITRA PORT LYAUTEY, MO",34.3,-6.6,12.2,1950-09-27,0.0,"T,,X",23.3,",,X",17.8,",,X"
MOW00013017,"KENITRA PORT LYAUTEY, MO",34.3,-6.6,12.2,1950-09-28,1.3,",,X",23.9,",,X",16.1,",,X"
MOW00013017,"KENITRA PORT LYAUTEY, MO",34.3,-6.6,12.2,1950-09-29,0.0,"T,,X",23.9,",,X",16.1,",,X"
MOW00013017,"KENITRA PORT LYAUTEY, MO",34.3,-6.6,12.2,1950-09-30,7.1,",,X",23.3,",,X",15.6,",,X"
MOW00013017,"KENITRA PORT LYAUTEY, MO",34.3,-6.6,12.2,1950-10-01,2.3,",,X",25.0,",,X",13.9,",,X"
MOW00013017,"KENITRA PORT LYAUTEY, MO",34.3,-6.6,12.2,1950-10-02,0.0,",,X",24.4,",,X",13.9,",,X"
MOW00013017,"KENITRA PORT LYAUTEY, MO",34.3,-6.6,12.2,1950-10-03,0.0,",,X",27.2,",,X",14.4,",,X"
MOW00013017,"KENITRA PORT LYAUTEY, MO",34.3,-6.6,12.2,1950-10-04,0.0,",,X",25.0,",,X",16.7,",,X"
MOW00013017,"KENITRA PORT LYAUTEY, MO",34.3,-6.6,12.2,1950-10-05,0.0,",,X",25.6,",,X",16.1,",,X"
MOW00013017,"KENITRA PORT LYAUTEY, MO",34.3,-6.6,12.2,1950-10-06,3.8,",,X",20.6,",,X",16.1,",,X"
MOW00013017,"KENITRA PORT LYAUTEY, MO",34.3,-6.6,12.2,1950-10-07,68.6,",,X",20.0,",,X",16.7,",,X"
MOW00013017,"KENITRA PORT LYAUTEY, MO",34.3,-6.6,12.2,1950-10-08,0.0,",,X",23.9,",,X",16.1,",,X"
MOW00013017,"KENITRA PORT LYAUTEY, MO",34.3,-6.6,12.2,1950-10-09,0.0,",,X",22.8,",,X",17.8,",,X"
MOW00013017,"KENITRA PORT LYAUTEY, MO",34.3,-6.6,12.2,1950-10-10,0.0,",,X",23.9,",,X",17.8,",,X"
MOW00013017,"KENITRA PORT LYAUTEY, MO",34.3,-6.6,12.2,1950-10-11,0.0,",,X",26.1,",,X",15.6,",,X"
MOW00013017,"KENITRA PORT LYAUTEY, MO",34.3,-6.6,12.2,1950-10-12,0.0,",,X",31.7,",,X",17.2,",,X"
MOW00013017,"KENITRA PORT LYAUTEY, MO",34.3,-6.6,12.2,1950-10-13,0.0,",,X",24.4,",,X",17.8,",,X"
MOW00013017,"KENITRA PORT LYAUTEY, MO",34.3,-6.6,12.2,1950-10-14,0.0,",,X",26.7,",,X",18.9,",,X"
MOW00013017,"KENITRA PORT LYAUTEY, MO",34.3,-6.6,12.2,1950-10-15,0.0,",,X",23.3,",,X",17.8,",,X"
MOW00013017,"KENITRA PORT LYAUTEY, MO",34.3,-6.6,12.2,1950-10-16,2.8,",,X",22.2,",,X",14.4,",,X"
MOW00013017,"KENITRA PORT LYAUTEY, MO",34.3,-6.6,12.2,1950-10-17,0.0,",,X",23.9,",,X",15.0,",,X"
MOW00013017,"KENITRA PORT LYAUTEY, MO",34.3,-6.6,12.2,1950-10-18,0.0,",,X",28.3,",,X",15.6,",,X"
MOW00013017,"KENITRA PORT LYAUTEY, MO",34.3,-6.6,12.2,1950-10-19,0.0,",,X",26.7,",,X",15.0,",,X"
MOW00013017,"KENITRA PORT LYAUTEY, MO",34.3,-6.6,12.2,1950-10-20,5.1,",,X",25.0,",,X",15.0,",,X"
MOW00013017,"KENITRA PORT LYAUTEY, MO",34.3,-6.6,12.2,1950-10-21,0.0,",,X",23.9,",,X",16.1,",,X"
MOW00013017,"KENITRA PORT LYAUTEY, MO",34.3,-6.6,12.2,1950-10-22,0.0,",,X",25.0,",,X",12.8,",,X"
MOW00013017,"KENITRA PORT LYAUTEY, MO",34.3,-6.6,12.2,1950-10-23,0.0,",,X",24.4,",,X",15.0,",,X"
MOW00013017,"KENITRA PORT LYAUTEY, MO",34.3,-6.6,12.2,1950-10-24,0.0,",,X",23.9,",,X",13.9,",,X"
MOW00013017,"KENITRA PORT LYAUTEY, MO",34.3,-6.6,12.2,1950-10-25,0.0,",,X",23.3,",,X",13.9,",,X"
MOW00013017,"KENITRA PORT LYAUTEY, MO",34.3,-6.6,12.2,1950-10-26,0.0,",,X",21.1,",,X",12.8,",,X"
MOW00013017,"KENITRA PORT LYAUTEY, MO",34.3,-6.6,12.2,1950-10-27,0.0,",,X",22.2,",,X",7.8,",,X"
MOW00013017,"KENITRA PORT LYAUTEY, MO",34.3,-6.6,12.2,1950-10-28,0.0,",,X",22.2,",,X",9.4,",,X"
MOW00013017,"KENITRA PORT LYAUTEY, MO",34.3,-6.6,12.2,1950-10-29,0.0,",,X",22.2,",,X",10.0,",,X"
MOW00013017,"KENITRA PORT LYAUTEY, MO",34.3,-6.6,12.2,1950-10-30,0.0,",,X",23.3,",,X",8.3,",,X"
MOW00013017,"KENITRA PORT LYAUTEY, MO",34.3,-6.6,12.2,1950-10-31,0.0,",,X",25.6,",,X",10.0,",,X"
MOW00013017,"KENITRA PORT LYAUTEY, MO",34.3,-6.6,12.2,1950-11-01,0.0,"T,,X",22.8,",,X",11.1,",,X"
MOW00013017,"KENITRA PORT LYAUTEY, MO",34.3,-6.6,12.2,1950-11-02,0.0,",,X",22.8,",,X",12.8,",,X"
MOW00013017,"KENITRA PORT LYAUTEY, MO",34.3,-6.6,12.2,1950-11-03,0.0,",,X",23.3,",,X",11.1,",,X"
MOW00013017,"KENITRA PORT LYAUTEY, MO",34.3,-6.6,12.2,1950-11-04,0.0,",,X",22.2,",,X",10.0,",,X"
MOW00013017,"KENITRA PORT LYAUTEY, MO",34.3,-6.6,12.2,1950-11-05,0.0,",,X",21.1,",,X",12.8,",,X"
MOW00013017,"KENITRA PORT LYAUTEY, MO",34.3,-6.6,12.2,1950-11-06,0.0,",,X",22.2,",,X",12.8,",,X"
MOW00013017,"KENITRA PORT LYAUTEY, MO",34.3,-6.6,12.2,1950-11-07,0.0,",,X",26.1,",,X",10.0,",,X"
MOW00013017,"KENITRA PORT LYAUTEY, MO",34.3,-6.6,12.2,1950-11-08,0.0,",,X",30.0,",,X",11.7,",,X"
MOW00013017,"KENITRA PORT LYAUTEY, MO",34.3,-6.6,12.2,1950-11-09,0.0,",,X",30.6,",,X",12.2,",,X"
MOW00013017,"KENITRA PORT LYAUTEY, MO",34.3,-6.6,12.2,1950-11-10,0.0,"T,,X",27.2,",,X",17.2,",,X"
MOW00013017,"KENITRA PORT LYAUTEY, MO",34.3,-6.6,12.2,1950-11-11,0.8,",,X",23.3,",,X",17.2,",,X"
MOW00013017,"KENITRA PORT LYAUTEY, MO",34.3,-6.6,12.2,1950-11-12,0.5,",,X",19.4,",,X",10.0,",,X"
MOW00013017,"KENITRA PORT LYAUTEY, MO",34.3,-6.6,12.2,1950-11-13,0.0,",,X",20.0,",,X",5.6,",,X"
MOW00013017,"KENITRA PORT LYAUTEY, MO",34.3,-6.6,12.2,1950-11-14,0.0,",,X",21.1,",,X",7.2,",,X"
MOW00013017,"KENITRA PORT LYAUTEY, MO",34.3,-6.6,12.2,1950-11-15,0.0,",,X",21.7,",,X",7.8,",,X"
MOW00013017,"KENITRA PORT LYAUTEY, MO",34.3,-6.6,12.2,1950-11-16,0.0,",,X",22.2,",,X",11.7,",,X"
MOW00013017,"KENITRA PORT LYAUTEY, MO",34.3,-6.6,12.2,1950-11-17,0.0,",,X",20.6,",,X",9.4,",,X"
MOW00013017,"KENITRA PORT LYAUTEY, MO",34.3,-6.6,12.2,1950-11-18,0.0,",,X",23.3,",,X",10.6,",,X"
MOW00013017,"KENITRA PORT LYAUTEY, MO",34.3,-6.6,12.2,1950-11-19,0.0,",,X",20.6,",,X",10.0,",,X"
MOW00013017,"KENITRA PORT LYAUTEY, MO",34.3,-6.6,12.2,1950-11-20,0.0,",,X",20.0,",,X",8.3,",,X"
MOW00013017,"KENITRA PORT LYAUTEY, MO",34.3,-6.6,12.2,1950-11-21,0.0,",,X",20.0,",,X",5.6,",,X"
MOW00013017,"KENITRA PORT LYAUTEY, MO",34.3,-6.6,12.2,1950-11-22,0.0,",,X",20.0,",,X",10.0,",,X"
MOW00013017,"KENITRA PORT LYAUTEY, MO",34.3,-6.6,12.2,1950-11-23,0.0,",,X",22.8,",,X",7.2,",,X"
MOW00013017,"KENITRA PORT LYAUTEY, MO",34.3,-6.6,12.2,1950-11-24,0.0,",,X",25.0,",,X",7.8,",,X"
MOW00013017,"KENITRA PORT LYAUTEY, MO",34.3,-6.6,12.2,1950-11-25,0.0,",,X",25.0,",,X",7.2,",,X"
MOW00013017,"KENITRA PORT LYAUTEY, MO",34.3,-6.6,12.2,1950-11-26,0.0,",,X",29.4,",,X",8.9,",,X"
MOW00013017,"KENITRA PORT LYAUTEY, MO",34.3,-6.6,12.2,1950-11-27,0.0,",,X",28.9,",,X",7.8,",,X"
MOW00013017,"KENITRA PORT LYAUTEY, MO",34.3,-6.6,12.2,1950-11-28,0.0,",,X",26.7,",,X",8.9,",,X"
MOW00013017,"KENITRA PORT LYAUTEY, MO",34.3,-6.6,12.2,1950-11-29,0.0,",,X",28.3,",,X",10.6,",,X"
MOW00013017,"KENITRA PORT LYAUTEY, MO",34.3,-6.6,12.2,1950-11-30,0.0,",,X",23.3,",,X",7.8,",,X"
MOW00013017,"KENITRA PORT LYAUTEY, MO",34.3,-6.6,12.2,1950-12-01,0.0,",,X",19.4,",,X",8.3,",,X"
MOW00013017,"KENITRA PORT LYAUTEY, MO",34.3,-6.6,12.2,1950-12-02,0.0,",,X",23.3,",,X",8.3,",,X"
MOW00013017,"KENITRA PORT LYAUTEY, MO",34.3,-6.6,12.2,1950-12-03,0.0,",,X",26.7,",,X",8.3,",,X"
MOW00013017,"KENITRA PORT LYAUTEY, MO",34.3,-6.6,12.2,1950-12-04,0.0,",,X",23.9,",,X",13.9,",,X"
MOW00013017,"KENITRA PORT LYAUTEY, MO",34.3,-6.6,12.2,1950-12-05,0.0,"T,,X",24.4,",,X",13.9,",,X"
MOW00013017,"KENITRA PORT LYAUTEY, MO",34.3,-6.6,12.2,1950-12-06,16.5,",,X",16.7,",,X",8.9,",,X"
MOW00013017,"KENITRA PORT LYAUTEY, MO",34.3,-6.6,12.2,1950-12-07,1.8,",,X",14.4,",,X",8.9,",,X"
MOW00013017,"KENITRA PORT LYAUTEY, MO",34.3,-6.6,12.2,1950-12-08,0.0,"T,,X",15.6,",,X",7.8,",,X"
MOW00013017,"KENITRA PORT LYAUTEY, MO",34.3,-6.6,12.2,1950-12-09,4.3,",,X",18.3,",,X",10.0,",,X"
MOW00013017,"KENITRA PORT LYAUTEY, MO",34.3,-6.6,12.2,1950-12-10,0.0,",,X",17.2,",,X",6.1,",,X"
MOW00013017,"KENITRA PORT LYAUTEY, MO",34.3,-6.6,12.2,1950-12-11,0.0,",,X",17.8,",,X",5.0,",,X"
MOW00013017,"KENITRA PORT LYAUTEY, MO",34.3,-6.6,12.2,1950-12-12,3.0,",,X",16.7,",,X",11.7,",,X"
MOW00013017,"KENITRA PORT LYAUTEY, MO",34.3,-6.6,12.2,1950-12-13,17.0,",,X",16.1,",,X",10.0,",,X"
MOW00013017,"KENITRA PORT LYAUTEY, MO",34.3,-6.6,12.2,1950-12-14,1.0,",,X",17.8,",,X",12.8,",,X"
MOW00013017,"KENITRA PORT LYAUTEY, MO",34.3,-6.6,12.2,1950-12-15,0.0,",,X",17.2,",,X",12.2,",,X"
MOW00013017,"KENITRA PORT LYAUTEY, MO",34.3,-6.6,12.2,1950-12-16,0.0,"T,,X",18.3,",,X",12.2,",,X"
MOW00013017,"KENITRA PORT LYAUTEY, MO",34.3,-6.6,12.2,1950-12-17,0.0,",,X",16.7,",,X",7.8,",,X"
MOW00013017,"KENITRA PORT LYAUTEY, MO",34.3,-6.6,12.2,1950-12-18,0.0,",,X",16.1,",,X",2.8,",,X"
MOW00013017,"KENITRA PORT LYAUTEY, MO",34.3,-6.6,12.2,1950-12-19,0.0,",,X",17.2,",,X",3.3,",,X"
MOW00013017,"KENITRA PORT LYAUTEY, MO",34.3,-6.6,12.2,1950-12-20,4.6,",,X",17.2,",,X",3.3,",,X"
MOW00013017,"KENITRA PORT LYAUTEY, MO",34.3,-6.6,12.2,1950-12-21,18.0,",,X",16.1,",,X",12.2,",,X"
MOW00013017,"KENITRA PORT LYAUTEY, MO",34.3,-6.6,12.2,1950-12-22,19.8,",,X",17.2,",,X",12.2,",,X"
MOW00013017,"KENITRA PORT LYAUTEY, MO",34.3,-6.6,12.2,1950-12-23,6.4,",,X",17.2,",,X",12.2,",,X"
MOW00013017,"KENITRA PORT LYAUTEY, MO",34.3,-6.6,12.2,1950-12-24,9.1,",,X",18.9,",,X",10.6,",,X"
MOW00013017,"KENITRA PORT LYAUTEY, MO",34.3,-6.6,12.2,1950-12-25,9.4,",,X",16.1,",,X",11.1,",,X"
MOW00013017,"KENITRA PORT LYAUTEY, MO",34.3,-6.6,12.2,1950-12-26,3.8,",,X",14.4,",,X",10.0,",,X"
MOW00013017,"KENITRA PORT LYAUTEY, MO",34.3,-6.6,12.2,1950-12-27,5.1,",,X",16.7,",,X",7.2,",,X"
MOW00013017,"KENITRA PORT LYAUTEY, MO",34.3,-6.6,12.2,1950-12-28,21.3,",,X",15.0,",,X",10.6,",,X"
MOW00013017,"KENITRA PORT LYAUTEY, MO",34.3,-6.6,12.2,1950-12-29,26.7,",,X",16.7,",,X",12.2,",,X"
MOW00013017,"KENITRA PORT LYAUTEY, MO",34.3,-6.6,12.2,1950-12-30,19.8,",,X",15.0,",,X",6.1,",,X"
MOW00013017,"KENITRA PORT LYAUTEY, MO",34.3,-6.6,12.2,1950-12-31,0.0,",,X",14.4,",,X",4.4,",,X"
MOW00013017,"KENITRA PORT LYAUTEY, MO",34.3,-6.6,12.2,1951-01-01,0.0,",,X",16.1,",,X",4.4,",,X"
MOW00013017,"KENITRA PORT LYAUTEY, MO",34.3,-6.6,12.2,1951-01-02,11.4,",,X",15.6,",,X",8.9,",,X"
MOW00013017,"KENITRA PORT LYAUTEY, MO",34.3,-6.6,12.2,1951-01-03,0.0,",,X",16.1,",,X",7.2,",,X"
MOW00013017,"KENITRA PORT LYAUTEY, MO",34.3,-6.6,12.2,1951-01-04,0.0,",,X",14.4,",,X",5.6,",,X"
MOW00013017,"KENITRA PORT LYAUTEY, MO",34.3,-6.6,12.2,1951-01-05,0.0,",,X",18.3,",,X",4.4,",,X"
MOW00013017,"KENITRA PORT LYAUTEY, MO",34.3,-6.6,12.2,1951-01-06,0.0,",,X",16.1,",,X",5.6,",,X"
MOW00013017,"KENITRA PORT LYAUTEY, MO",34.3,-6.6,12.2,1951-01-07,0.0,",,X",16.1,",,X",6.1,",,X"
MOW00013017,"KENITRA PORT LYAUTEY, MO",34.3,-6.6,12.2,1951-01-08,0.0,",,X",16.7,",,X",7.2,",,X"
MOW00013017,"KENITRA PORT LYAUTEY, MO",34.3,-6.6,12.2,1951-01-09,8.1,",,X",16.1,",,X",4.4,",,X"
MOW00013017,"KENITRA PORT LYAUTEY, MO",34.3,-6.6,12.2,1951-01-10,27.9,",,X",14.4,",,X",8.3,",,X"
MOW00013017,"KENITRA PORT LYAUTEY, MO",34.3,-6.6,12.2,1951-01-11,0.0,",,X",13.9,",,X",4.4,",,X"
MOW00013017,"KENITRA PORT LYAUTEY, MO",34.3,-6.6,12.2,1951-01-12,1.5,",,X",15.0,",,X",7.8,",,X"
MOW00013017,"KENITRA PORT LYAUTEY, MO",34.3,-6.6,12.2,1951-01-13,1.8,",,X",16.7,",,X",10.6,",,X"
MOW00013017,"KENITRA PORT LYAUTEY, MO",34.3,-6.6,12.2,1951-01-14,0.0,",,X",18.3,",,X",7.2,",,X"
MOW00013017,"KENITRA PORT LYAUTEY, MO",34.3,-6.6,12.2,1951-01-15,0.0,",,X",17.2,",,X",6.1,",,X"
MOW00013017,"KENITRA PORT LYAUTEY, MO",34.3,-6.6,12.2,1951-01-16,0.0,",,X",17.2,",,X",5.0,",,X"
MOW00013017,"KENITRA PORT LYAUTEY, MO",34.3,-6.6,12.2,1951-01-17,0.0,",,X",20.0,",,X",7.2,",,X"
MOW00013017,"KENITRA PORT LYAUTEY, MO",34.3,-6.6,12.2,1951-01-18,0.0,",,X",17.2,",,X",7.2,",,X"
MOW00013017,"KENITRA PORT LYAUTEY, MO",34.3,-6.6,12.2,1951-01-19,0.0,",,X",15.0,",,X",8.3,",,X"
MOW00013017,"KENITRA PORT LYAUTEY, MO",34.3,-6.6,12.2,1951-01-20,0.0,",,X",11.7,",,X",7.2,",,X"
MOW00013017,"KENITRA PORT LYAUTEY, MO",34.3,-6.6,12.2,1951-01-21,0.0,",,X",15.6,",,X",8.3,",,X"
MOW00013017,"KENITRA PORT LYAUTEY, MO",34.3,-6.6,12.2,1951-01-22,0.0,",,X",16.7,",,X",8.3,",,X"
MOW00013017,"KENITRA PORT LYAUTEY, MO",34.3,-6.6,12.2,1951-01-23,1.8,",,X",16.1,",,X",11.1,",,X"
MOW00013017,"KENITRA PORT LYAUTEY, MO",34.3,-6.6,12.2,1951-01-24,13.5,",,X",16.1,",,X",11.1,",,X"
MOW00013017,"KENITRA PORT LYAUTEY, MO",34.3,-6.6,12.2,1951-01-25,2.5,",,X",15.6,",,X",7.2,",,X"
MOW00013017,"KENITRA PORT LYAUTEY, MO",34.3,-6.6,12.2,1951-01-26,0.3,",,X",15.6,",,X",5.6,",,X"
MOW00013017,"KENITRA PORT LYAUTEY, MO",34.3,-6.6,12.2,1951-01-27,7.9,",,X",14.4,",,X",7.2,",,X"
MOW00013017,"KENITRA PORT LYAUTEY, MO",34.3,-6.6,12.2,1951-01-28,5.3,",,X",15.6,",,X",11.1,",,X"
MOW00013017,"KENITRA PORT LYAUTEY, MO",34.3,-6.6,12.2,1951-01-29,1.5,",,X",14.4,",,X",8.3,",,X"
MOW00013017,"KENITRA PORT LYAUTEY, MO",34.3,-6.6,12.2,1951-01-30,0.0,",,X",15.0,",,X",5.0,",,X"
MOW00013017,"KENITRA PORT LYAUTEY, MO",34.3,-6.6,12.2,1951-01-31,0.0,",,X",14.4,",,X",3.9,",,X"
MOW00013017,"KENITRA PORT LYAUTEY, MO",34.3,-6.6,12.2,1951-02-01,0.0,",,X",16.1,",,X",6.1,",,X"
MOW00013017,"KENITRA PORT LYAUTEY, MO",34.3,-6.6,12.2,1951-02-02,0.0,",,X",16.7,",,X",6.1,",,X"
MOW00013017,"KENITRA PORT LYAUTEY, MO",34.3,-6.6,12.2,1951-02-03,5.3,",,X",16.7,",,X",8.3,",,X"
MOW00013017,"KENITRA PORT LYAUTEY, MO",34.3,-6.6,12.2,1951-02-04,0.0,"T,,X",16.7,",,X",10.6,",,X"
MOW00013017,"KENITRA PORT LYAUTEY, MO",34.3,-6.6,12.2,1951-02-05,20.8,",,X",14.4,",,X",7.2,",,X"
MOW00013017,"KENITRA PORT LYAUTEY, MO",34.3,-6.6,12.2,1951-02-06,5.8,",,X",15.0,",,X",8.9,",,X"
MOW00013017,"KENITRA PORT LYAUTEY, MO",34.3,-6.6,12.2,1951-02-07,5.8,",,X",17.8,",,X",10.6,",,X"
MOW00013017,"KENITRA PORT LYAUTEY, MO",34.3,-6.6,12.2,1951-02-08,0.0,",,X",18.3,",,X",7.2,",,X"
MOW00013017,"KENITRA PORT LYAUTEY, MO",34.3,-6.6,12.2,1951-02-09,13.0,",,X",14.4,",,X",10.0,",,X"
MOW00013017,"KENITRA PORT LYAUTEY, MO",34.3,-6.6,12.2,1951-02-10,16.5,",,X",13.3,",,X",7.2,",,X"
MOW00013017,"KENITRA PORT LYAUTEY, MO",34.3,-6.6,12.2,1951-02-11,19.1,",,X",15.6,",,X",8.3,",,X"
MOW00013017,"KENITRA PORT LYAUTEY, MO",34.3,-6.6,12.2,1951-02-12,36.1,",,X",13.3,",,X",8.3,",,X"
MOW00013017,"KENITRA PORT LYAUTEY, MO",34.3,-6.6,12.2,1951-02-13,0.0,",,X",16.1,",,X",6.7,",,X"
MOW00013017,"KENITRA PORT LYAUTEY, MO",34.3,-6.6,12.2,1951-02-14,0.0,",,X",16.7,",,X",5.6,",,X"
MOW00013017,"KENITRA PORT LYAUTEY, MO",34.3,-6.6,12.2,1951-02-15,2.3,",,X",15.6,",,X",8.3,",,X"
MOW00013017,"KENITRA PORT LYAUTEY, MO",34.3,-6.6,12.2,1951-02-16,0.0,"T,,X",17.2,",,X",9.4,",,X"
MOW00013017,"KENITRA PORT LYAUTEY, MO",34.3,-6.6,12.2,1951-02-17,0.0,",,X",18.3,",,X",7.2,",,X"
MOW00013017,"KENITRA PORT LYAUTEY, MO",34.3,-6.6,12.2,1951-02-18,0.0,",,X",16.7,",,X",7.2,",,X"
MOW00013017,"KENITRA PORT LYAUTEY, MO",34.3,-6.6,12.2,1951-02-19,0.0,",,X",19.4,",,X",7.2,",,X"
MOW00013017,"KENITRA PORT LYAUTEY, MO",34.3,-6.6,12.2,1951-02-20,0.0,",,X",18.3,",,X",10.0,",,X"
MOW00013017,"KENITRA PORT LYAUTEY, MO",34.3,-6.6,12.2,1951-02-21,0.0,",,X",20.0,",,X",8.3,",,X"
MOW00013017,"KENITRA PORT LYAUTEY, MO",34.3,-6.6,12.2,1951-02-22,0.0,",,X",18.9,",,X",7.8,",,X"
MOW00013017,"KENITRA PORT LYAUTEY, MO",34.3,-6.6,12.2,1951-02-23,0.0,",,X",18.3,",,X",8.3,",,X"
MOW00013017,"KENITRA PORT LYAUTEY, MO",34.3,-6.6,12.2,1951-02-24,0.3,",,X",20.0,",,X",9.4,",,X"
MOW00013017,"KENITRA PORT LYAUTEY, MO",34.3,-6.6,12.2,1951-02-25,1.0,",,X",15.6,",,X",8.9,",,X"
MOW00013017,"KENITRA PORT LYAUTEY, MO",34.3,-6.6,12.2,1951-02-26,0.0,",,X",15.6,",,X",3.9,",,X"
MOW00013017,"KENITRA PORT LYAUTEY, MO",34.3,-6.6,12.2,1951-02-27,0.0,",,X",16.7,",,X",2.8,",,X"
MOW00013017,"KENITRA PORT LYAUTEY, MO",34.3,-6.6,12.2,1951-02-28,0.0,",,X",17.8,",,X",5.0,",,X"
MOW00013017,"KENITRA PORT LYAUTEY, MO",34.3,-6.6,12.2,1951-03-01,0.0,",,X",20.6,",,X",6.7,",,X"
MOW00013017,"KENITRA PORT LYAUTEY, MO",34.3,-6.6,12.2,1951-03-02,4.3,",,X",17.8,",,X",12.2,",,X"
MOW00013017,"KENITRA PORT LYAUTEY, MO",34.3,-6.6,12.2,1951-03-03,0.0,"T,,X",18.9,",,X",10.6,",,X"
MOW00013017,"KENITRA PORT LYAUTEY, MO",34.3,-6.6,12.2,1951-03-04,0.5,",,X",18.3,",,X",12.8,",,X"
MOW00013017,"KENITRA PORT LYAUTEY, MO",34.3,-6.6,12.2,1951-03-05,16.0,",,X",14.4,",,X",4.4,",,X"
MOW00013017,"KENITRA PORT LYAUTEY, MO",34.3,-6.6,12.2,1951-03-06,0.0,"T,,X",15.6,",,X",2.8,",,X"
MOW00013017,"KENITRA PORT LYAUTEY, MO",34.3,-6.6,12.2,1951-03-07,0.3,",,X",16.7,",,X",10.0,",,X"
MOW00013017,"KENITRA PORT LYAUTEY, MO",34.3,-6.6,12.2,1951-03-08,19.6,",,X",16.1,",,X",11.7,",,X"
MOW00013017,"KENITRA PORT LYAUTEY, MO",34.3,-6.6,12.2,1951-03-09,7.4,",,X",17.8,",,X",11.1,",,X"
MOW00013017,"KENITRA PORT LYAUTEY, MO",34.3,-6.6,12.2,1951-03-10,0.0,"T,,X",20.0,",,X",10.0,",,X"
MOW00013017,"KENITRA PORT LYAUTEY, MO",34.3,-6.6,12.2,1951-03-11,0.0,"T,,X",20.6,",,X",13.9,",,X"
MOW00013017,"KENITRA PORT LYAUTEY, MO",34.3,-6.6,12.2,1951-03-12,0.0,"T,,X",20.0,",,X",13.3,",,X"
MOW00013017,"KENITRA PORT LYAUTEY, MO",34.3,-6.6,12.2,1951-03-13,5.1,",,X",20.6,",,X",15.0,",,X"
MOW00013017,"KENITRA PORT LYAUTEY, MO",34.3,-6.6,12.2,1951-03-14,0.0,"T,,X",22.2,",,X",13.9,",,X"
MOW00013017,"KENITRA PORT LYAUTEY, MO",34.3,-6.6,12.2,1951-03-15,0.0,",,X",24.4,",,X",12.2,",,X"
MOW00013017,"KENITRA PORT LYAUTEY, MO",34.3,-6.6,12.2,1951-03-16,0.0,",,X",27.8,",,X",13.3,",,X"
MOW00013017,"KENITRA PORT LYAUTEY, MO",34.3,-6.6,12.2,1951-03-17,0.0,",,X",25.0,",,X",13.3,",,X"
MOW00013017,"KENITRA PORT LYAUTEY, MO",34.3,-6.6,12.2,1951-03-18,0.0,",,X",19.4,",,X",12.2,",,X"
MOW00013017,"KENITRA PORT LYAUTEY, MO",34.3,-6.6,12.2,1951-03-19,0.0,",,X",18.9,",,X",8.9,",,X"
MOW00013017,"KENITRA PORT LYAUTEY, MO",34.3,-6.6,12.2,1951-03-20,0.0,",,X",20.6,",,X",9.4,",,X"
MOW00013017,"KENITRA PORT LYAUTEY, MO",34.3,-6.6,12.2,1951-03-21,0.0,",,X",25.0,",,X",9.4,",,X"
MOW00013017,"KENITRA PORT LYAUTEY, MO",34.3,-6.6,12.2,1951-03-22,0.0,",,X",29.4,",,X",9.4,",,X"
MOW00013017,"KENITRA PORT LYAUTEY, MO",34.3,-6.6,12.2,1951-03-23,0.0,",,X",28.3,",,X",11.7,",,X"
MOW00013017,"KENITRA PORT LYAUTEY, MO",34.3,-6.6,12.2,1951-03-24,0.0,",,X",24.4,",,X",11.7,",,X"
MOW00013017,"KENITRA PORT LYAUTEY, MO",34.3,-6.6,12.2,1951-03-25,0.0,",,X",21.7,",,X",11.7,",,X"
MOW00013017,"KENITRA PORT LYAUTEY, MO",34.3,-6.6,12.2,1951-03-26,0.0,",,X",23.3,",,X",12.8,",,X"
MOW00013017,"KENITRA PORT LYAUTEY, MO",34.3,-6.6,12.2,1951-03-27,0.0,",,X",19.4,",,X",12.8,",,X"
MOW00013017,"KENITRA PORT LYAUTEY, MO",34.3,-6.6,12.2,1951-03-28,0.0,",,X",22.2,",,X",12.2,",,X"
MOW00013017,"KENITRA PORT LYAUTEY, MO",34.3,-6.6,12.2,1951-03-29,0.0,",,X",21.7,",,X",10.6,",,X"
MOW00013017,"KENITRA PORT LYAUTEY, MO",34.3,-6.6,12.2,1951-03-30,0.0,"T,,X",19.4,",,X",10.0,",,X"
MOW00013017,"KENITRA PORT LYAUTEY, MO",34.3,-6.6,12.2,1951-03-31,0.0,",,X",20.0,",,X",7.2,",,X"
MOW00013017,"KENITRA PORT LYAUTEY, MO",34.3,-6.6,12.2,1951-04-01,0.0,",,X",21.1,",,X",7.8,",,X"
MOW00013017,"KENITRA PORT LYAUTEY, MO",34.3,-6.6,12.2,1951-04-02,0.0,",,X",18.9,",,X",9.4,",,X"
MOW00013017,"KENITRA PORT LYAUTEY, MO",34.3,-6.6,12.2,1951-04-03,0.0,",,X",21.1,",,X",6.1,",,X"
MOW00013017,"KENITRA PORT LYAUTEY, MO",34.3,-6.6,12.2,1951-04-04,0.0,",,X",20.6,",,X",7.8,",,X"
MOW00013017,"KENITRA PORT LYAUTEY, MO",34.3,-6.6,12.2,1951-04-05,0.0,",,X",21.7,",,X",8.9,",,X"
MOW00013017,"KENITRA PORT LYAUTEY, MO",34.3,-6.6,12.2,1951-04-06,0.0,",,X",21.1,",,X",9.4,",,X"
MOW00013017,"KENITRA PORT LYAUTEY, MO",34.3,-6.6,12.2,1951-04-07,0.0,",,X",22.8,",,X",8.3,",,X"
MOW00013017,"KENITRA PORT LYAUTEY, MO",34.3,-6.6,12.2,1951-04-08,0.0,",,X",21.1,",,X",10.6,",,X"
MOW00013017,"KENITRA PORT LYAUTEY, MO",34.3,-6.6,12.2,1951-04-09,0.0,",,X",20.6,",,X",7.8,",,X"
MOW00013017,"KENITRA PORT LYAUTEY, MO",34.3,-6.6,12.2,1951-04-10,0.0,",,X",20.0,",,X",11.7,",,X"
MOW00013017,"KENITRA PORT LYAUTEY, MO",34.3,-6.6,12.2,1951-04-11,0.0,",,X",20.6,",,X",9.4,",,X"
MOW00013017,"KENITRA PORT LYAUTEY, MO",34.3,-6.6,12.2,1951-04-12,0.0,",,X",23.3,",,X",6.1,",,X"
MOW00013017,"KENITRA PORT LYAUTEY, MO",34.3,-6.6,12.2,1951-04-13,0.0,",,X",21.1,",,X",10.6,",,X"
MOW00013017,"KENITRA PORT LYAUTEY, MO",34.3,-6.6,12.2,1951-04-14,0.0,",,X",20.6,",,X",11.7,",,X"
MOW00013017,"KENITRA PORT LYAUTEY, MO",34.3,-6.6,12.2,1951-04-15,0.0,",,X",22.8,",,X",11.1,",,X"
MOW00013017,"KENITRA PORT LYAUTEY, MO",34.3,-6.6,12.2,1951-04-16,0.0,",,X",28.9,",,X",12.2,",,X"
MOW00013017,"KENITRA PORT LYAUTEY, MO",34.3,-6.6,12.2,1951-04-17,0.0,"T,,X",23.3,",,X",15.0,",,X"
MOW00013017,"KENITRA PORT LYAUTEY, MO",34.3,-6.6,12.2,1951-04-18,0.0,",,X",22.2,",,X",12.2,",,X"
MOW00013017,"KENITRA PORT LYAUTEY, MO",34.3,-6.6,12.2,1951-04-19,0.0,",,X",23.3,",,X",12.8,",,X"
MOW00013017,"KENITRA PORT LYAUTEY, MO",34.3,-6.6,12.2,1951-04-20,0.0,",,X",22.2,",,X",11.1,",,X"
MOW00013017,"KENITRA PORT LYAUTEY, MO",34.3,-6.6,12.2,1951-04-21,0.0,"T,,X",23.3,",,X",12.8,",,X"
MOW00013017,"KENITRA PORT LYAUTEY, MO",34.3,-6.6,12.2,1951-04-22,0.0,",,X",18.9,",,X",11.1,",,X"
MOW00013017,"KENITRA PORT LYAUTEY, MO",34.3,-6.6,12.2,1951-04-23,1.8,",,X",19.4,",,X",8.3,",,X"
MOW00013017,"KENITRA PORT LYAUTEY, MO",34.3,-6.6,12.2,1951-04-24,5.3,",,X",20.0,",,X",10.6,",,X"
MOW00013017,"KENITRA PORT LYAUTEY, MO",34.3,-6.6,12.2,1951-04-25,0.0,"T,,X",21.1,",,X",11.7,",,X"
MOW00013017,"KENITRA PORT LYAUTEY, MO",34.3,-6.6,12.2,1951-04-26,0.0,",,X",21.1,",,X",11.7,",,X"
MOW00013017,"KENITRA PORT LYAUTEY, MO",34.3,-6.6,12.2,1951-04-27,0.0,",,X",23.3,",,X",10.0,",,X"
MOW00013017,"KENITRA PORT LYAUTEY, MO",34.3,-6.6,12.2,1951-04-28,0.0,",,X",21.1,",,X",9.4,",,X"
MOW00013017,"KENITRA PORT LYAUTEY, MO",34.3,-6.6,12.2,1951-04-29,0.0,",,X",23.3,",,X",9.4,",,X"
MOW00013017,"KENITRA PORT LYAUTEY, MO",34.3,-6.6,12.2,1951-04-30,4.6,",,X",21.7,",,X",12.2,",,X"
MOW00013017,"KENITRA PORT LYAUTEY, MO",34.3,-6.6,12.2,1951-05-01,0.5,",,X",21.7,",,X",16.7,",,X"
MOW00013017,"KENITRA PORT LYAUTEY, MO",34.3,-6.6,12.2,1951-05-02,0.0,",,X",20.6,",,X",15.6,",,X"
MOW00013017,"KENITRA PORT LYAUTEY, MO",34.3,-6.6,12.2,1951-05-03,0.5,",,X",20.6,",,X",12.2,",,X"
MOW00013017,"KENITRA PORT LYAUTEY, MO",34.3,-6.6,12.2,1951-05-04,0.0,"T,,X",20.0,",,X",10.6,",,X"
MOW00013017,"KENITRA PORT LYAUTEY, MO",34.3,-6.6,12.2,1951-05-05,0.0,",,X",23.9,",,X",9.4,",,X"
MOW00013017,"KENITRA PORT LYAUTEY, MO",34.3,-6.6,12.2,1951-05-06,0.5,",,X",21.1,",,X",15.6,",,X"
MOW00013017,"KENITRA PORT LYAUTEY, MO",34.3,-6.6,12.2,1951-05-07,6.4,",,X",19.4,",,X",13.9,",,X"
MOW00013017,"KENITRA PORT LYAUTEY, MO",34.3,-6.6,12.2,1951-05-08,25.4,",,X",19.4,",,X",13.3,",,X"
MOW00013017,"KENITRA PORT LYAUTEY, MO",34.3,-6.6,12.2,1951-05-09,10.2,",,X",19.4,",,X",11.7,",,X"
MOW00013017,"KENITRA PORT LYAUTEY, MO",34.3,-6.6,12.2,1951-05-10,0.0,"T,,X",18.3,",,X",12.2,",,X"
MOW00013017,"KENITRA PORT LYAUTEY, MO",34.3,-6.6,12.2,1951-05-11,0.0,",,X",21.1,",,X",8.3,",,X"
MOW00013017,"KENITRA PORT LYAUTEY, MO",34.3,-6.6,12.2,1951-05-12,0.0,",,X",20.0,",,X",10.6,",,X"
MOW00013017,"KENITRA PORT LYAUTEY, MO",34.3,-6.6,12.2,1951-05-13,0.0,",,X",21.1,",,X",10.0,",,X"
MOW00013017,"KENITRA PORT LYAUTEY, MO",34.3,-6.6,12.2,1951-05-14,0.0,",,X",21.7,",,X",11.1,",,X"
MOW00013017,"KENITRA PORT LYAUTEY, MO",34.3,-6.6,12.2,1951-05-15,0.0,",,X",23.3,",,X",10.6,",,X"
MOW00013017,"KENITRA PORT LYAUTEY, MO",34.3,-6.6,12.2,1951-05-16,0.0,",,X",27.8,",,X",10.0,",,X"
MOW00013017,"KENITRA PORT LYAUTEY, MO",34.3,-6.6,12.2,1951-05-17,0.0,",,X",21.7,",,X",14.4,",,X"
MOW00013017,"KENITRA PORT LYAUTEY, MO",34.3,-6.6,12.2,1951-05-18,0.0,",,X",22.2,",,X",15.0,",,X"
MOW00013017,"KENITRA PORT LYAUTEY, MO",34.3,-6.6,12.2,1951-05-19,0.0,"T,,X",21.1,",,X",12.8,",,X"
MOW00013017,"KENITRA PORT LYAUTEY, MO",34.3,-6.6,12.2,1951-05-20,0.0,",,X",21.1,",,X",10.0,",,X"
MOW00013017,"KENITRA PORT LYAUTEY, MO",34.3,-6.6,12.2,1951-05-21,0.0,",,X",22.8,",,X",9.4,",,X"
MOW00013017,"KENITRA PORT LYAUTEY, MO",34.3,-6.6,12.2,1951-05-22,0.0,",,X",23.3,",,X",12.2,",,X"
MOW00013017,"KENITRA PORT LYAUTEY, MO",34.3,-6.6,12.2,1951-05-23,0.0,",,X",23.9,",,X",15.0,",,X"
MOW00013017,"KENITRA PORT LYAUTEY, MO",34.3,-6.6,12.2,1951-05-24,0.0,",,X",23.3,",,X",15.0,",,X"
MOW00013017,"KENITRA PORT LYAUTEY, MO",34.3,-6.6,12.2,1951-05-25,0.0,",,X",22.2,",,X",15.0,",,X"
MOW00013017,"KENITRA PORT LYAUTEY, MO",34.3,-6.6,12.2,1951-05-26,0.0,"T,,X",22.2,",,X",11.7,",,X"
MOW00013017,"KENITRA PORT LYAUTEY, MO",34.3,-6.6,12.2,1951-05-27,0.0,",,X",22.8,",,X",12.8,",,X"
MOW00013017,"KENITRA PORT LYAUTEY, MO",34.3,-6.6,12.2,1951-05-28,0.0,"T,,X",21.7,",,X",15.6,",,X"
MOW00013017,"KENITRA PORT LYAUTEY, MO",34.3,-6.6,12.2,1951-05-29,0.0,"T,,X",23.3,",,X",16.1,",,X"
MOW00013017,"KENITRA PORT LYAUTEY, MO",34.3,-6.6,12.2,1951-05-30,2.0,",,X",20.6,",,X",16.1,",,X"
MOW00013017,"KENITRA PORT LYAUTEY, MO",34.3,-6.6,12.2,1951-05-31,0.0,",,X",22.2,",,X",12.8,",,X"
MOW00013017,"KENITRA PORT LYAUTEY, MO",34.3,-6.6,12.2,1951-06-01,0.0,",,X",22.2,",,X",10.6,",,X"
MOW00013017,"KENITRA PORT LYAUTEY, MO",34.3,-6.6,12.2,1951-06-02,0.0,",,X",24.4,",,X",10.6,",,X"
MOW00013017,"KENITRA PORT LYAUTEY, MO",34.3,-6.6,12.2,1951-06-03,0.0,",,X",23.9,",,X",15.6,",,X"
MOW00013017,"KENITRA PORT LYAUTEY, MO",34.3,-6.6,12.2,1951-06-04,0.0,"T,,X",23.3,",,X",16.1,",,X"
MOW00013017,"KENITRA PORT LYAUTEY, MO",34.3,-6.6,12.2,1951-06-05,0.0,",,X",23.9,",,X",13.3,",,X"
MOW00013017,"KENITRA PORT LYAUTEY, MO",34.3,-6.6,12.2,1951-06-06,0.0,",,X",24.4,",,X",15.6,",,X"
MOW00013017,"KENITRA PORT LYAUTEY, MO",34.3,-6.6,12.2,1951-06-07,0.0,",,X",24.4,",,X",15.6,",,X"
MOW00013017,"KENITRA PORT LYAUTEY, MO",34.3,-6.6,12.2,1951-06-08,0.0,",,X",23.9,",,X",13.9,",,X"
MOW00013017,"KENITRA PORT LYAUTEY, MO",34.3,-6.6,12.2,1951-06-09,0.0,",,X",23.9,",,X",12.8,",,X"
MOW00013017,"KENITRA PORT LYAUTEY, MO",34.3,-6.6,12.2,1951-06-10,0.0,",,X",25.0,",,X",14.4,",,X"
MOW00013017,"KENITRA PORT LYAUTEY, MO",34.3,-6.6,12.2,1951-06-11,0.0,",,X",28.9,",,X",15.6,",,X"
MOW00013017,"KENITRA PORT LYAUTEY, MO",34.3,-6.6,12.2,1951-06-12,0.0,",,X",33.9,",,X",17.2,",,X"
MOW00013017,"KENITRA PORT LYAUTEY, MO",34.3,-6.6,12.2,1951-06-13,0.0,",,X",42.2,",O,X",17.8,",,X"
MOW00013017,"KENITRA PORT LYAUTEY, MO",34.3,-6.6,12.2,1951-06-14,0.0,",,X",41.1,",O,X",22.8,",,X"
MOW00013017,"KENITRA PORT LYAUTEY, MO",34.3,-6.6,12.2,1951-06-15,0.0,",,X",32.2,",,X",20.6,",,X"
MOW00013017,"KENITRA PORT LYAUTEY, MO",34.3,-6.6,12.2,1951-06-16,0.0,",,X",28.9,",,X",20.6,",,X"
MOW00013017,"KENITRA PORT LYAUTEY, MO",34.3,-6.6,12.2,1951-06-17,0.0,",,X",25.0,",,X",18.9,",,X"
MOW00013017,"KENITRA PORT LYAUTEY, MO",34.3,-6.6,12.2,1951-06-18,0.0,",,X",25.0,",,X",17.8,",,X"
MOW00013017,"KENITRA PORT LYAUTEY, MO",34.3,-6.6,12.2,1951-06-19,0.0,",,X",27.2,",,X",16.1,",,X"
MOW00013017,"KENITRA PORT LYAUTEY, MO",34.3,-6.6,12.2,1951-06-20,0.0,"T,,X",27.8,",,X",20.0,",,X"
MOW00013017,"KENITRA PORT LYAUTEY, MO",34.3,-6.6,12.2,1951-06-21,0.0,"T,,X",25.0,",,X",17.8,",,X"
MOW00013017,"KENITRA PORT LYAUTEY, MO",34.3,-6.6,12.2,1951-06-22,0.0,",,X",26.7,",,X",15.0,",,X"
MOW00013017,"KENITRA PORT LYAUTEY, MO",34.3,-6.6,12.2,1951-06-23,0.0,",,X",25.0,",,X",17.2,",,X"
MOW00013017,"KENITRA PORT LYAUTEY, MO",34.3,-6.6,12.2,1951-06-24,0.0,",,X",25.6,",,X",12.8,",,X"
MOW00013017,"KENITRA PORT LYAUTEY, MO",34.3,-6.6,12.2,1951-06-25,0.0,",,X",27.8,",,X",17.2,",,X"
MOW00013017,"KENITRA PORT LYAUTEY, MO",34.3,-6.6,12.2,1951-06-26,0.0,",,X",30.0,",,X",16.7,",,X"
MOW00013017,"KENITRA PORT LYAUTEY, MO",34.3,-6.6,12.2,1951-06-27,0.0,",,X",30.6,",,X",18.9,",,X"
MOW00013017,"KENITRA PORT LYAUTEY, MO",34.3,-6.6,12.2,1951-06-28,0.0,",,X",27.2,",,X",20.0,",,X"
MOW00013017,"KENITRA PORT LYAUTEY, MO",34.3,-6.6,12.2,1951-06-29,0.0,",,X",26.1,",,X",21.1,",,X"
MOW00013017,"KENITRA PORT LYAUTEY, MO",34.3,-6.6,12.2,1951-06-30,0.0,",,X",27.2,",,X",20.6,",,X"
MOW00013017,"KENITRA PORT LYAUTEY, MO",34.3,-6.6,12.2,1951-07-01,0.0,",,X",25.0,",,X",20.6,",,X"
MOW00013017,"KENITRA PORT LYAUTEY, MO",34.3,-6.6,12.2,1951-07-02,0.0,",,X",25.0,",,X",20.0,",,X"
MOW00013017,"KENITRA PORT LYAUTEY, MO",34.3,-6.6,12.2,1951-07-03,0.0,",,X",23.3,",,X",17.2,",,X"
MOW00013017,"KENITRA PORT LYAUTEY, MO",34.3,-6.6,12.2,1951-07-04,0.0,"T,,X",25.0,",,X",15.6,",,X"
MOW00013017,"KENITRA PORT LYAUTEY, MO",34.3,-6.6,12.2,1951-07-05,0.0,",,X",25.6,",,X",15.0,",,X"
MOW00013017,"KENITRA PORT LYAUTEY, MO",34.3,-6.6,12.2,1951-07-06,0.0,",,X",25.6,",,X",15.6,",,X"
MOW00013017,"KENITRA PORT LYAUTEY, MO",34.3,-6.6,12.2,1951-07-07,0.0,",,X",25.6,",,X",15.0,",,X"
MOW00013017,"KENITRA PORT LYAUTEY, MO",34.3,-6.6,12.2,1951-07-08,0.0,",,X",26.7,",,X",16.7,",,X"
MOW00013017,"KENITRA PORT LYAUTEY, MO",34.3,-6.6,12.2,1951-07-09,0.0,",,X",25.6,",,X",20.0,",,X"
MOW00013017,"KENITRA PORT LYAUTEY, MO",34.3,-6.6,12.2,1951-07-10,0.0,",,X",28.3,",,X",16.7,",,X"
MOW00013017,"KENITRA PORT LYAUTEY, MO",34.3,-6.6,12.2,1951-07-11,0.0,",,X",25.6,",,X",20.0,",,X"
MOW00013017,"KENITRA PORT LYAUTEY, MO",34.3,-6.6,12.2,1951-07-12,0.0,",,X",26.1,",,X",17.2,",,X"
MOW00013017,"KENITRA PORT LYAUTEY, MO",34.3,-6.6,12.2,1951-07-13,0.0,",,X",24.4,",,X",15.6,",,X"
MOW00013017,"KENITRA PORT LYAUTEY, MO",34.3,-6.6,12.2,1951-07-14,0.0,",,X",25.6,",,X",17.2,",,X"
MOW00013017,"KENITRA PORT LYAUTEY, MO",34.3,-6.6,12.2,1951-07-15,0.0,",,X",26.1,",,X",15.0,",,X"
MOW00013017,"KENITRA PORT LYAUTEY, MO",34.3,-6.6,12.2,1951-07-16,0.0,",,X",26.1,",,X",17.8,",,X"
MOW00013017,"KENITRA PORT LYAUTEY, MO",34.3,-6.6,12.2,1951-07-17,0.0,",,X",25.6,",,X",17.8,",,X"
MOW00013017,"KENITRA PORT LYAUTEY, MO",34.3,-6.6,12.2,1951-07-18,0.0,",,X",25.0,",,X",15.6,",,X"
MOW00013017,"KENITRA PORT LYAUTEY, MO",34.3,-6.6,12.2,1951-07-19,0.0,",,X",26.1,",,X",15.6,",,X"
MOW00013017,"KENITRA PORT LYAUTEY, MO",34.3,-6.6,12.2,1951-07-20,0.0,",,X",27.8,",,X",21.1,",,X"
MOW00013017,"KENITRA PORT LYAUTEY, MO",34.3,-6.6,12.2,1951-07-21,0.0,",,X",27.2,",,X",19.4,",,X"
MOW00013017,"KENITRA PORT LYAUTEY, MO",34.3,-6.6,12.2,1951-07-22,0.0,",,X",27.2,",,X",17.8,",,X"
MOW00013017,"KENITRA PORT LYAUTEY, MO",34.3,-6.6,12.2,1951-07-23,0.0,",,X",28.9,",,X",14.4,",,X"
MOW00013017,"KENITRA PORT LYAUTEY, MO",34.3,-6.6,12.2,1951-07-24,0.0,",,X",28.9,",,X",16.7,",,X"
MOW00013017,"KENITRA PORT LYAUTEY, MO",34.3,-6.6,12.2,1951-07-25,0.0,",,X",27.2,",,X",19.4,",,X"
MOW00013017,"KENITRA PORT LYAUTEY, MO",34.3,-6.6,12.2,1951-07-26,0.0,",,X",27.2,",,X",18.3,",,X"
MOW00013017,"KENITRA PORT LYAUTEY, MO",34.3,-6.6,12.2,1951-07-27,0.0,",,X",33.3,",,X",19.4,",,X"
MOW00013017,"KENITRA PORT LYAUTEY, MO",34.3,-6.6,12.2,1951-07-28,0.0,",,X",30.6,",,X",21.1,",,X"
MOW00013017,"KENITRA PORT LYAUTEY, MO",34.3,-6.6,12.2,1951-07-29,0.0,",,X",26.7,",,X",21.7,",,X"
MOW00013017,"KENITRA PORT LYAUTEY, MO",34.3,-6.6,12.2,1951-07-30,0.0,",,X",27.2,",,X",18.3,",,X"
MOW00013017,"KENITRA PORT LYAUTEY, MO",34.3,-6.6,12.2,1951-07-31,0.0,",,X",26.7,",,X",16.7,",,X"
MOW00013017,"KENITRA PORT LYAUTEY, MO",34.3,-6.6,12.2,1951-08-01,0.0,",,X",28.3,",,X",16.7,",,X"
MOW00013017,"KENITRA PORT LYAUTEY, MO",34.3,-6.6,12.2,1951-08-02,0.0,",,X",26.7,",,X",16.7,",,X"
MOW00013017,"KENITRA PORT LYAUTEY, MO",34.3,-6.6,12.2,1951-08-03,0.0,",,X",27.8,",,X",13.9,",,X"
MOW00013017,"KENITRA PORT LYAUTEY, MO",34.3,-6.6,12.2,1951-08-04,0.0,",,X",28.3,",,X",17.8,",,X"
MOW00013017,"KENITRA PORT LYAUTEY, MO",34.3,-6.6,12.2,1951-08-05,0.0,",,X",27.8,",,X",18.3,",,X"
MOW00013017,"KENITRA PORT LYAUTEY, MO",34.3,-6.6,12.2,1951-08-06,0.0,",,X",25.0,",,X",19.4,",,X"
MOW00013017,"KENITRA PORT LYAUTEY, MO",34.3,-6.6,12.2,1951-08-07,0.0,",,X",25.6,",,X",19.4,",,X"
MOW00013017,"KENITRA PORT LYAUTEY, MO",34.3,-6.6,12.2,1951-08-08,0.0,",,X",25.6,",,X",15.0,",,X"
MOW00013017,"KENITRA PORT LYAUTEY, MO",34.3,-6.6,12.2,1951-08-09,0.0,",,X",26.1,",,X",15.0,",,X"
MOW00013017,"KENITRA PORT LYAUTEY, MO",34.3,-6.6,12.2,1951-08-10,0.0,"T,,X",26.1,",,X",18.9,",,X"
MOW00013017,"KENITRA PORT LYAUTEY, MO",34.3,-6.6,12.2,1951-08-11,0.0,",,X",28.3,",,X",16.7,",,X"
MOW00013017,"KENITRA PORT LYAUTEY, MO",34.3,-6.6,12.2,1951-08-12,0.0,"T,,X",26.7,",,X",20.0,",,X"
MOW00013017,"KENITRA PORT LYAUTEY, MO",34.3,-6.6,12.2,1951-08-13,0.0,",,X",26.1,",,X",17.8,",,X"
MOW00013017,"KENITRA PORT LYAUTEY, MO",34.3,-6.6,12.2,1951-08-14,0.0,",,X",27.2,",,X",21.1,",,X"
MOW00013017,"KENITRA PORT LYAUTEY, MO",34.3,-6.6,12.2,1951-08-15,0.0,",,X",26.7,",,X",18.3,",,X"
MOW00013017,"KENITRA PORT LYAUTEY, MO",34.3,-6.6,12.2,1951-08-16,0.0,",,X",27.8,",,X",21.1,",,X"
MOW00013017,"KENITRA PORT LYAUTEY, MO",34.3,-6.6,12.2,1951-08-17,0.0,",,X",30.6,",,X",18.9,",,X"
MOW00013017,"KENITRA PORT LYAUTEY, MO",34.3,-6.6,12.2,1951-08-18,0.0,"T,,X",29.4,",,X",20.6,",,X"
MOW00013017,"KENITRA PORT LYAUTEY, MO",34.3,-6.6,12.2,1951-08-19,0.0,",,X",27.8,",,X",22.2,",,X"
MOW00013017,"KENITRA PORT LYAUTEY, MO",34.3,-6.6,12.2,1951-08-20,0.0,",,X",27.8,",,X",19.4,",,X"
MOW00013017,"KENITRA PORT LYAUTEY, MO",34.3,-6.6,12.2,1951-08-21,0.0,",,X",29.4,",,X",17.2,",,X"
MOW00013017,"KENITRA PORT LYAUTEY, MO",34.3,-6.6,12.2,1951-08-22,0.0,",,X",32.8,",,X",20.0,",,X"
MOW00013017,"KENITRA PORT LYAUTEY, MO",34.3,-6.6,12.2,1951-08-23,0.0,",,X",38.3,",,X",18.9,",,X"
MOW00013017,"KENITRA PORT LYAUTEY, MO",34.3,-6.6,12.2,1951-08-24,0.0,",,X",26.7,",,X",18.9,",,X"
MOW00013017,"KENITRA PORT LYAUTEY, MO",34.3,-6.6,12.2,1951-08-25,0.0,",,X",26.7,",,X",17.8,",,X"
MOW00013017,"KENITRA PORT LYAUTEY, MO",34.3,-6.6,12.2,1951-08-26,0.0,",,X",26.1,",,X",16.7,",,X"
MOW00013017,"KENITRA PORT LYAUTEY, MO",34.3,-6.6,12.2,1951-08-27,0.0,",,X",26.1,",,X",16.1,",,X"
MOW00013017,"KENITRA PORT LYAUTEY, MO",34.3,-6.6,12.2,1951-08-28,0.0,",,X",25.0,",,X",14.4,",,X"
MOW00013017,"KENITRA PORT LYAUTEY, MO",34.3,-6.6,12.2,1951-08-29,0.0,",,X",26.1,",,X",15.6,",,X"
MOW00013017,"KENITRA PORT LYAUTEY, MO",34.3,-6.6,12.2,1951-08-30,0.0,",,X",27.2,",,X",17.8,",,X"
MOW00013017,"KENITRA PORT LYAUTEY, MO",34.3,-6.6,12.2,1951-08-31,0.0,",,X",26.7,",,X",16.1,",,X"
MOW00013017,"KENITRA PORT LYAUTEY, MO",34.3,-6.6,12.2,1951-09-01,0.0,",,X",26.1,",,X",15.6,",,X"
MOW00013017,"KENITRA PORT LYAUTEY, MO",34.3,-6.6,12.2,1951-09-02,0.0,",,X",29.4,",,X",13.3,",,X"
MOW00013017,"KENITRA PORT LYAUTEY, MO",34.3,-6.6,12.2,1951-09-03,0.0,",,X",30.6,",,X",16.7,",,X"
MOW00013017,"KENITRA PORT LYAUTEY, MO",34.3,-6.6,12.2,1951-09-04,0.0,",,X",27.8,",,X",18.9,",,X"
MOW00013017,"KENITRA PORT LYAUTEY, MO",34.3,-6.6,12.2,1951-09-05,0.0,",,X",25.6,",,X",20.6,",,X"
MOW00013017,"KENITRA PORT LYAUTEY, MO",34.3,-6.6,12.2,1951-09-06,0.0,",,X",25.0,",,X",20.6,",,X"
MOW00013017,"KENITRA PORT LYAUTEY, MO",34.3,-6.6,12.2,1951-09-07,0.0,",,X",27.8,",,X",18.9,",,X"
MOW00013017,"KENITRA PORT LYAUTEY, MO",34.3,-6.6,12.2,1951-09-08,1.3,",,X",25.6,",,X",20.0,",,X"
MOW00013017,"KENITRA PORT LYAUTEY, MO",34.3,-6.6,12.2,1951-09-09,0.0,",,X",26.1,",,X",16.1,",,X"
MOW00013017,"KENITRA PORT LYAUTEY, MO",34.3,-6.6,12.2,1951-09-10,3.8,",,X",25.6,",,X",18.3,",,X"
MOW00013017,"KENITRA PORT LYAUTEY, MO",34.3,-6.6,12.2,1951-09-11,0.0,"T,,X",24.4,",,X",17.2,",,X"
MOW00013017,"KENITRA PORT LYAUTEY, MO",34.3,-6.6,12.2,1951-09-12,0.0,"T,,X",25.0,",,X",16.7,",,X"
MOW00013017,"KENITRA PORT LYAUTEY, MO",34.3,-6.6,12.2,1951-09-13,0.5,",,X",25.6,",,X",16.7,",,X"
MOW00013017,"KENITRA PORT LYAUTEY, MO",34.3,-6.6,12.2,1951-09-14,0.0,",,X",26.1,",,X",16.1,",,X"
MOW00013017,"KENITRA PORT LYAUTEY, MO",34.3,-6.6,12.2,1951-09-15,0.0,",,X",26.7,",,X",18.3,",,X"
MOW00013017,"KENITRA PORT LYAUTEY, MO",34.3,-6.6,12.2,1951-09-16,0.0,",,X",36.7,",,X",16.1,",,X"
MOW00013017,"KENITRA PORT LYAUTEY, MO",34.3,-6.6,12.2,1951-09-17,0.0,",,X",35.6,",,X",17.2,",,X"
MOW00013017,"KENITRA PORT LYAUTEY, MO",34.3,-6.6,12.2,1951-09-18,0.0,",,X",34.4,",,X",14.4,",,X"
MOW00013017,"KENITRA PORT LYAUTEY, MO",34.3,-6.6,12.2,1951-09-19,0.0,",,X",29.4,",,X",15.0,",,X"
MOW00013017,"KENITRA PORT LYAUTEY, MO",34.3,-6.6,12.2,1951-09-20,0.0,",,X",26.7,",,X",16.1,",,X"
MOW00013017,"KENITRA PORT LYAUTEY, MO",34.3,-6.6,12.2,1951-09-21,0.0,",,X",33.3,",,X",20.0,",,X"
MOW00013017,"KENITRA PORT LYAUTEY, MO",34.3,-6.6,12.2,1951-09-22,2.0,",,X",32.8,",,X",21.7,",,X"
MOW00013017,"KENITRA PORT LYAUTEY, MO",34.3,-6.6,12.2,1951-09-23,0.0,"T,,X",26.7,",,X",19.4,",,X"
MOW00013017,"KENITRA PORT LYAUTEY, MO",34.3,-6.6,12.2,1951-09-24,0.0,",,X",26.1,",,X",17.8,",,X"
MOW00013017,"KENITRA PORT LYAUTEY, MO",34.3,-6.6,12.2,1951-09-25,0.0,",,X",25.6,",,X",18.3,",,X"
MOW00013017,"KENITRA PORT LYAUTEY, MO",34.3,-6.6,12.2,1951-09-26,0.0,",,X",25.6,",,X",15.0,",,X"
MOW00013017,"KENITRA PORT LYAUTEY, MO",34.3,-6.6,12.2,1951-09-27,0.0,",,X",25.6,",,X",12.8,",,X"
MOW00013017,"KENITRA PORT LYAUTEY, MO",34.3,-6.6,12.2,1951-09-28,0.0,",,X",25.0,",,X",12.8,",,X"
MOW00013017,"KENITRA PORT LYAUTEY, MO",34.3,-6.6,12.2,1951-09-29,0.0,",,X",23.9,",,X",15.0,",,X"
MOW00013017,"KENITRA PORT LYAUTEY, MO",34.3,-6.6,12.2,1951-09-30,0.0,",,X",26.7,",,X",17.8,",,X"
